##############
## 기본세팅 ##
##############

-- 신규 캐릭생성시 획득 아이템
DELETE FROM `playercreateinfo_item` WHERE `itemid` IN (23162,29041); -- 달라란 리콜/29041,36칸 가방/23162
INSERT INTO `playercreateinfo_item` (`race`, `class`, `itemid`, `amount`) VALUES
(1, 1, 23162, 2),(1, 2, 23162, 2),(1, 4, 23162, 2),(1, 5, 23162, 2),(1, 8, 23162, 2),(1, 9, 23162, 2),(2, 1, 23162, 2),(2, 3, 23162, 2),(2, 4, 23162, 2),(2, 7, 23162, 2),(2, 9, 23162, 2),(3, 1, 23162, 2),(3, 2, 23162, 2),(3, 3, 23162, 2),(3, 4, 23162, 2),(3, 5, 23162, 2),(4, 1, 23162, 2),(4, 3, 23162, 2),(4, 4, 23162, 2),(4, 5, 23162, 2),(4, 11, 23162, 2),(5, 1, 23162, 2),(5, 4, 23162, 2),(5, 5, 23162, 2),(5, 8, 23162, 2),(5, 9, 23162, 2),(6, 1, 23162, 2),(6, 3, 23162, 2),(6, 7, 23162, 2),(6, 11, 23162, 2),(7, 1, 23162, 2),(7, 9, 23162, 2),(7, 8, 23162, 2),(7, 4, 23162, 2),(8, 1, 23162, 2),(8, 3, 23162, 2),(8, 4, 23162, 2),(8, 5, 23162, 2),(8, 7, 23162, 2),(8, 8, 23162, 2),(10, 2, 23162, 2),(10, 3, 23162, 2),(10, 4, 23162, 2),(10, 5, 23162, 2),(10, 8, 23162, 2),(10, 9, 23162, 2),(11, 1, 23162, 2),(11, 2, 23162, 2),(11, 3, 23162, 2),(11, 5, 23162, 2),(11, 7, 23162, 2),(11, 8, 23162, 2),(1, 6, 23162, 2),(2, 6, 23162, 2),(3, 6, 23162, 2),(4, 6, 23162, 2),(5, 6, 23162, 2),(6, 6, 23162, 2),(7, 6, 23162, 2),(8, 6, 23162, 2),(10, 6, 23162, 2),(11, 6, 23162, 2),
(1, 1, 29041, 1),(1, 2, 29041, 1),(1, 4, 29041, 1),(1, 5, 29041, 1),(1, 8, 29041, 1),(1, 9, 29041, 1),(2, 1, 29041, 1),(2, 3, 29041, 1),(2, 4, 29041, 1),(2, 7, 29041, 1),(2, 9, 29041, 1),(3, 1, 29041, 1),(3, 2, 29041, 1),(3, 3, 29041, 1),(3, 4, 29041, 1),(3, 5, 29041, 1),(4, 1, 29041, 1),(4, 3, 29041, 1),(4, 4, 29041, 1),(4, 5, 29041, 1),(4, 11, 29041, 1),(5, 1, 29041, 1),(5, 4, 29041, 1),(5, 5, 29041, 1),(5, 8, 29041, 1),(5, 9, 29041, 1),(6, 1, 29041, 1),(6, 3, 29041, 1),(6, 7, 29041, 1),(6, 11, 29041, 1),(7, 1, 29041, 1),(7, 9, 29041, 1),(7, 8, 29041, 1),(7, 4, 29041, 1),(8, 1, 29041, 1),(8, 3, 29041, 1),(8, 4, 29041, 1),(8, 5, 29041, 1),(8, 7, 29041, 1),(8, 8, 29041, 1),(10, 2, 29041, 1),(10, 3, 29041, 1),(10, 4, 29041, 1),(10, 5, 29041, 1),(10, 8, 29041, 1),(10, 9, 29041, 1),(11, 1, 29041, 1),(11, 2, 29041, 1),(11, 3, 29041, 1),(11, 5, 29041, 1),(11, 7, 29041, 1),(11, 8, 29041, 1),(1, 6, 29041, 1),(2, 6, 29041, 1),(3, 6, 29041, 1),(4, 6, 29041, 1),(5, 6, 29041, 1),(6, 6, 29041, 1),(7, 6, 29041, 1),(8, 6, 29041, 1),(10, 6, 29041, 1),(11, 6, 29041, 1);

-- 퀘스트템 드랍률 100%
UPDATE `creature_loot_template` set `ChanceOrQuestChance` = -100 WHERE `ChanceOrQuestChance` < 0 AND `item` IN (SELECT `entry` FROM `item_template` WHERE `class` = 12);

-- 전 클래스 스타팅포인트 > 달라란 보라빛 요새 
UPDATE `playercreateinfo` SET `map`='571',`zone`='4395',`position_x`='5820.958',`position_y`='829.077',`position_z`='680.239',`orientation`='2.496';

-- 전장 세팅
UPDATE `battleground_template` SET `Weight` = '0' WHERE `id` IN (1,9,30);
UPDATE `battleground_template` SET `Weight` = '3' WHERE `id` IN (2,3,7,32);
UPDATE `battleground_template` SET `MinPlayersPerTeam` = '3'  WHERE `id` IN (2,3,7,32);

-- 아이템 겹치기 + 영석 겹치기
UPDATE `item_template` SET `stackable`='1000' WHERE `entry` IN (117,118,159,414,422,723,724,729,730,731,733,765,769,774,783,785,787,814,818,858,878,929,954,955,961,1015,1017,1080,1081,1082,1113,1114,1177,1178,1179,1180,1181,1205,1206,1210,1251,1288,1326,1399,1401,1468,1475,1477,1478,1487,1529,1645,1703,1705,1707,1708,1710,1711,1712,2070,2091,2136,2251,2287,2288,2289,2290,2296,2318,2319,2320,2321,2324,2325,2447,2449,2450,2452,2453,2454,2455,2456,2457,2458,2459,2512,2515,2516,2519,2581,2589,2592,2593,2594,2595,2596,2604,2605,2633,2665,2672,2673,2674,2675,2677,2678,2679,2680,2681,2682,2683,2684,2685,2686,2687,2692,2693,2723,2770,2771,2772,2775,2776,2835,2836,2838,2840,2841,2842,2862,2863,2871,2880,2886,2888,2892,2893,2894,2924,2929,2932,2934,2996,2997,3012,3013,3030,3033,3087,3164,3172,3173,3174,3182,3220,3239,3240,3241,3355,3356,3357,3358,3369,3371,3372,3382,3383,3384,3385,3386,3387,3388,3389,3390,3391,3404,3448,3464,3465,3466,3470,3478,3486,3530,3531,3575,3576,3577,3662,3663,3664,3665,3666,3667,3685,3703,3712,3713,3726,3727,3728,3729,3730,3731,3770,3771,3772,3775,3818,3819,3820,3821,3823,3824,3825,3826,3827,3828,3829,3857,3858,3859,3860,3864,3927,3928,4231,4232,4233,4234,4235,4236,4289,4291,4304,4305,4306,4337,4338,4339,4340,4341,4342,4357,4358,4359,4360,4361,4363,4364,4365,4366,4367,4370,4371,4374,4375,4376,4377,4378,4380,4382,4384,4386,4387,4388,4389,4390,4391,4392,4394,4395,4398,4399,4400,4402,4403,4404,4405,4406,4407,4419,4421,4422,4424,4425,4426,4457,4461,4470,4471,4479,4480,4481,4536,4537,4538,4539,4540,4541,4542,4544,4589,4592,4593,4594,4595,4596,4599,4600,4601,4602,4603,4604,4605,4606,4607,4608,4611,4623,4625,4655,4656,4791,4852,4960,5013,5024,5042,5043,5044,5048,5057,5066,5082,5095,5116,5140,5205,5206,5229,5237,5342,5349,5350,5465,5466,5467,5468,5469,5470,5471,5472,5473,5474,5476,5477,5478,5479,5480,5498,5500,5503,5504,5507,5509,5510,5511,5512,5517,5518,5523,5524,5525,5526,5527,5565,5568,5631,5633,5634,5635,5637,34411,5740,5784,5785,5816,5823,5859,5878,5996,5997,6037,6038,6048,6049,6050,6051,6052,6149,6183,6216,6217,6218,6260,6261,6265,6289,6290,6291,6299,6303,6308,6316,6317,6338,6339,6358,6359,6361,6362,6370,6371,6372,6373,6374,6450,6451,6452,6453,6458,6470,6471,27864,23235,23234,23233,6522,6529,6530,6532,6533,6657,6662,6714,6715,6807,6811,6887,6888,6889,6890,6947,6949,6950,7067,7068,7069,7070,7071,7072,7075,7076,7077,7078,7079,7080,7081,7082,7097,7148,7191,7228,7286,7307,7392,7676,7806,7807,7808,7909,7910,7911,7912,7964,7965,7966,7971,7972,7973,7974,8067,8068,8069,8075,8076,8077,8078,8079,8147,8150,8151,8152,8153,8154,8164,8165,8167,8168,8169,8170,8171,8172,8343,8364,8365,8444,8529,8544,8545,8766,8831,8836,8838,8839,8845,8846,8925,8926,8927,8928,8932,8948,8949,8950,8951,8952,8953,8956,8957,8959,8984,8985,9030,9036,9060,9061,9088,9144,9154,9155,9172,9179,9187,9197,9206,9210,9224,9233,9260,9262,9264,9311,9312,9313,9314,9315,9317,9318,9360,9361,9399,9421,9451,9681,9719,10285,10286,10290,10305,10306,10307,10308,10309,10310,10498,10505,10507,10512,10513,10514,10546,10548,10558,10559,10560,10561,10562,10586,10592,10620,10646,10647,10648,10841,10918,10920,10921,10922,10938,10939,10940,10978,10998,11082,11083,11084,11109,11128,11130,11134,11135,11137,11138,11139,11144,11145,11174,11175,11176,11177,11178,11284,11285,11291,11325,11370,11371,11382,11415,11444,11584,11590,11630,11846,11950,11951,11952,12003,12037,12184,12190,12202,12203,12204,12205,12206,12207,12208,12209,12210,12212,12213,12214,12215,12216,12217,12218,12223,12224,12238,12359,12360,12361,12363,12364,12365,12404,12586,12643,12644,12654,12655,12662,12799,12800,12803,12804,12808,12809,12810,12811,12820,13367,13377,13422,13423,13442,13443,13444,13445,13446,13447,13452,13453,13454,13455,13456,13457,13458,13459,13461,13462,13463,13464,13465,13466,13467,13468,13503,13506,13510,13511,13512,13513,13546,13724,13754,13755,13756,13757,13758,13759,13760,13810,13851,13888,13889,13890,13893,13926,13927,13928,13929,13930,13931,13932,13933,13934,13935,14047,14048,14227,14256,14341,14342,14343,14344,14529,14530,15407,15408,15409,15410,15412,15414,15415,15416,15417,15419,15846,15869,15870,15871,15872,15874,15992,15993,15994,15997,16000,16005,16006,16023,16040,16166,16167,16168,16169,16170,16171,16202,16203,16204,16206,16207,16583,16766,16971,17010,17011,17012,17020,17021,17024,17026,17028,17029,17030,17031,17032,17033,17034,17035,17036,17037,17038,17056,17057,17058,17119,17196,17197,17198,17203,17204,17222,17302,17303,17304,17305,17307,17308,17344,17348,17349,17351,17352,17402,17403,17404,17406,17407,17408,17708,17716,17747,17771,17968,18042,18045,18154,18232,18240,18253,18254,18255,18256,18262,18283,18287,18288,18294,18300,18512,18562,18567,18587,18588,18594,18631,18632,18633,18635,18636,18640,18641,18645,18660,18662,18839,18841,19004,19005,19006,19007,19008,19009,19010,19011,19012,19013,19026,19066,19067,19068,19183,19221,19222,19223,19224,19225,19296,19297,19298,19299,19300,19301,19304,19305,19306,19307,19316,19317,19440,19441,19696,19726,19727,19767,19768,19774,19943,19994,19995,19996,20002,20004,20007,20008,20031,20065,20066,20067,20074,20232,20234,20235,20237,20243,20244,20381,20424,20452,20498,20500,20501,20516,20520,20558,20559,20560,20709,20725,20744,20745,20746,20747,20748,20749,20750,20815,20816,20817,20824,20844,20857,20957,20963,21023,21024,21030,21031,21033,21038,21071,21072,21114,21140,21151,21153,21177,21215,21217,21235,21254,21546,21552,21721,21752,21835,21840,21842,21844,21845,21877,21878,21881,21882,21884,21885,21886,21887,21927,21929,21990,21991,22018,22019,22053,22054,22055,22103,22104,22105,22147,22148,22202,22203,22324,22445,22446,22447,22448,22449,22450,22451,22452,22456,22457,22461,22462,22463,22521,22522,22572,22573,22574,22575,22576,22577,22578,22644,22645,22682,22710,22728,22785,22786,22787,22788,22789,22790,22791,22792,22793,22794,22797,22823,22824,22825,22826,22827,22828,22829,22830,22831,22832,22833,22834,22835,22836,22837,22838,22839,22840,22841,22842,22844,22845,22846,22847,22848,22849,22850,22851,22853,22854,22861,22866,22871,22895,23055,23077,23079,23107,23112,23117,23122,23123,23160,23329,23334,23354,23364,23366,23381,23386,23424,23425,23426,23427,23436,23437,23438,23439,23440,23441,23444,23445,23446,23447,23448,23449,23495,23528,23529,23559,23571,23572,23573,23575,23576,23578,23579,23676,23736,23737,23756,23764,23765,23766,23767,23768,23769,23771,23772,23773,23781,23782,23783,23784,23785,23786,23787,23793,23819,23821,23822,23823,23826,23827,23840,23841,23848,23854,23855,23857,23862,23864,23865,23871,24008,24009,24072,24105,24243,24268,24269,24271,24272,24288,24338,24412,24417,24476,24477,24478,24479,24538,24539,25521,25539,25548,25550,25649,25679,25699,25700,25707,25708,25843,25844,25845,25867,25868,25886,27422,27425,27429,27435,27437,27438,27439,27498,27499,27500,27501,27502,27503,27511,27513,27515,27516,27635,27636,27651,27655,27656,27657,27658,27659,27660,27661,27662,27663,27664,27665,27666,27667,27668,27669,27671,27674,27676,27677,27678,27681,27682,27774,27811,27854,27855,27856,27857,27858,27859,27860,28053,28056,28060,28061,28100,28101,28102,28103,28104,28112,28117,28122,28284,28388,28389,28399,28420,28421,28486,28501,29024,29112,29292,29393,29394,29395,29401,29412,29434,29448,29449,29450,29451,29452,29453,29454,29539,29547,29548,30155,30183,30319,30355,30357,30358,30359,30361,30457,30458,30610,30611,30612,30703,30816,30817,31079,31437,31666,31670,31671,31672,31673,31676,31677,31679,31735,31737,31838,31839,31840,31841,31852,31853,31854,31855,31949,32062,32063,32067,32068,32227,32228,32229,32230,32231,32249,32413,32423,32428,32453,32455,32576,32596,32597,32598,32599,32600,32601,32667,32668,32685,32686,32721,32722,32783,32784,32839,32840,32844,32845,32846,32847,32849,32850,32851,32852,32882,32883,32898,32899,32900,32901,32902,32903,32904,32905,32909,32910,32947,32948,33042,33048,33052,33053,8827,33092,33093,33208,34062,33933,34504,34440,33872,34582,34581,33823,33824,33867,33866,34113,33825,33934,33935,33874,33081,20475,33924,33803,33932,34130,33930,33931,33083,34258,34538,34539,34664,34780,34832,34861,35128,35287,35562,35563,35565,35716,35717,35748,35749,35750,35751,35285,34537,37588,37710,38428,38427,38432,38466,38429,38430,38431,38308,23831,23832,41751,2460,10580,10719,13460,23770,23820,33443,33444,33445,33447,33448,33449,33451,33452,33454,33457,33458,33459,33460,33461,33462,33470,33567,33568,34052,34053,34054,34055,34056,34057,34125,34721,34722,34736,34747,34748,34749,34750,34751,34752,34753,34754,34755,34756,34757,34758,34759,34760,34761,34762,34763,34764,34765,34766,34767,34768,34769,35622,35623,35624,35625,35627,35720,35794,35947,35948,35949,35950,35951,35952,35953,35954,36770,36771,36781,36782,36783,36784,36860,36889,36890,36891,36892,36893,36894,36901,36902,36903,36904,36905,36906,36907,36908,36909,36910,36912,36913,36916,36917,36918,36920,36921,36923,36924,36926,36927,36929,36930,36932,36933,37091,37092,37093,37094,37097,37098,37101,37118,37145,37147,37159,37160,37164,37168,37201,37252,37253,37449,37452,37464,37567,37602,37663,37700,37701,37702,37703,37704,37705,37836,37921,38266,38350,38351,38425,38426,38557,38558,38561,38682,38698,38706,39151,39213,39327,39334,39338,39339,39340,39341,39342,39343,39349,39350,39354,39469,39501,39502,39505,39520,39666,39671,39681,39682,39683,39684,39685,39686,39690,39691,39774,39969,39970,40035,40036,40042,40067,40068,40070,40072,40073,40076,40077,40078,40079,40081,40082,40083,40084,40087,40093,40097,40109,40195,40199,40202,40211,40212,40213,40214,40215,40216,40217,40248,40356,40357,40358,40359,40404,40411,40533,40536,40752,40753,40768,40769,40771,40772,40773,40892,40893,41119,41146,41163,41164,41165,41166,41167,41169,41170,41171,41172,41173,41174,41191,41192,41193,41194,41195,41196,41266,41334,41367,41427,41509,41510,41511,41584,41586,41593,41594,41595,41596,41729,41731,41745,41800,41801,41802,41803,41805,41806,41807,41808,41809,41810,41812,41813,41814,42225,42253,42420,42421,42425,42428,42429,42430,42431,42432,42433,42434,42440,42545,42546,42641,42777,42778,42779,42942,42986,42993,42994,42995,42996,42997,42998,42999,43000,43001,43004,43005,43007,43009,43010,43011,43012,43013,43015,43016,43086,43087,43102,43103,43104,43105,43106,43107,43108,43109,43115,43116,43117,43118,43119,43120,43121,43122,43123,43124,43125,43126,43127,43145,43146,43228,43230,43231,43232,43233,43234,43235,43236,43237,43268,43307,43308,43463,43464,43465,43466,43467,43478,43480,43488,43490,43491,43492,43501,43518,43523,43530,43531,43569,43570,43571,43572,43589,43646,43647,43652,43695,43696,43850,43853,43854,44012,44049,44071,44072,44114,44128,44142,44161,44163,44228,44314,44315,44316,44317,44318,44322,44323,44324,44325,44327,44328,44329,44330,44331,44332,44452,44475,44499,44500,44501,44506,44507,44570,44571,44573,44574,44575,44605,44607,44608,44609,44614,44615,44616,44617,44618,44700,44722,44739,44749,44750,44953,44951,44958,44939,33004,44791,44834,44835,44836,44837,44838,44839,44840,44852,44853,44854,44855,44990,45054,45087,45621,45624,45907,45909,45932,46006,46376,46377,46378,46379,44940,44941,47499,49040,46849,47828,49632,47395,36931,36919,36928,36934,36922,36925,47556,47241,49640,46691,46690,46793,46797,46796,46784,46888,46887,49426,49908,52020,52021,54343,42170,42171,44619,43949,32426);
UPDATE `item_template` SET `maxcount`='0' WHERE `entry`='6265';

-- 달라란 전문기술 대가 모든 스킬 다 가르치기
DELETE FROM `npc_trainer` WHERE `entry` IN (28693,28700,28703,67201,67202,67203,67204,67205,67206,67207,67208,67209,67210,67211);
INSERT INTO `npc_trainer` (`entry`,`spell`) VALUES
(28693,-201009),(28693,-201010),(28693,-201011), -- 마법부여
(28700,-201027),(28700,-201028),(28700,-201029), -- 가죽세공
(28703,-201001),(28703,-201002),(28703,-201003), -- 연금술
-- 무기전문가
(67201,196),(67201,197),(67201,198),(67201,199),(67201,200),(67201,201),(67201,202),(67201,227),(67201,264),(67201,266),(67201,1180),(67201,2567),(67201,5011),(67201,15590);

-- 직업상급자 모든 스킬 다 가르치기
INSERT INTO `npc_trainer` (entry, spell, spellcost, reqskill, reqskillvalue, reqlevel) VALUES 
(67202, 71, 1500, 0, 0, 10),(67202, 72, 1000, 0, 0, 12),(67202, 100, 100, 0, 0, 4),(67202, 284, 200, 0, 0, 8),(67202, 285, 2000, 0, 0, 16),(67202, 355, 1500, 0, 0, 10),(67202, 469, 65000, 0, 0, 68),(67202, 674, 4000, 0, 0, 20),(67202, 676, 3000, 0, 0, 18),(67202, 694, 2000, 0, 0, 16),(67202, 750, 20000, 0, 0, 5),(67202, 772, 100, 0, 0, 4),(67202, 845, 4000, 0, 0, 20),(67202, 871, 11000, 0, 0, 28),(67202, 1160, 1500, 0, 0, 14),(67202, 1161, 10000, 0, 0, 26),(67202, 1464, 12000, 0, 0, 30),(67202, 1608, 8000, 0, 0, 24),(67202, 1671, 14000, 0, 0, 32),(67202, 1672, 54000, 0, 0, 52),(67202, 1680, 18000, 0, 0, 36),(67202, 1715, 200, 0, 0, 8),(67202, 1719, 42000, 0, 0, 50),(67202, 2048, 71000, 0, 0, 69),(67202, 2458, 2500, 0, 0, 30),(67202, 2565, 2000, 0, 0, 16),(67202, 2687, 600, 0, 0, 10),(67202, 3127, 100, 0, 0, 6),(67202, 3411, 65000, 0, 0, 70),(67202, 5242, 1000, 0, 0, 12),(67202, 5246, 6000, 0, 0, 22),(67202, 5308, 8000, 0, 0, 24),(67202, 6178, 10000, 0, 0, 26),(67202, 6190, 8000, 0, 0, 24),(67202, 6192, 6000, 0, 0, 22),(67202, 6343, 100, 0, 0, 6),(67202, 6546, 600, 0, 0, 10),(67202, 6547, 4000, 0, 0, 20),(67202, 6548, 12000, 0, 0, 30),(67202, 6552, 20000, 0, 0, 38),(67202, 6554, 60000, 0, 0, 58),(67202, 6572, 1500, 0, 0, 14),(67202, 6574, 8000, 0, 0, 24),(67202, 6673, 9, 0, 0, 0),(67202, 7369, 12000, 0, 0, 30),(67202, 7372, 14000, 0, 0, 32),(67202, 7373, 56000, 0, 0, 54),(67202, 7379, 16000, 0, 0, 34),(67202, 7384, 1000, 0, 0, 12),(67202, 7386, 1500, 0, 0, 10),(67202, 7400, 10000, 0, 0, 26),(67202, 7402, 18000, 0, 0, 36),(67202, 7405, 6000, 0, 0, 22),(67202, 7887, 11000, 0, 0, 28),(67202, 8198, 3000, 0, 0, 18),(67202, 8204, 11000, 0, 0, 28),(67202, 8205, 20000, 0, 0, 38),(67202, 8380, 16000, 0, 0, 34),(67202, 8820, 20000, 0, 0, 38),(67202, 11549, 14000, 0, 0, 32),(67202, 11550, 32000, 0, 0, 42),(67202, 11551, 54000, 0, 0, 52),(67202, 11554, 16000, 0, 0, 34),(67202, 11555, 34000, 0, 0, 44),(67202, 11556, 56000, 0, 0, 54),(67202, 11564, 14000, 0, 0, 32),(67202, 11565, 22000, 0, 0, 40),(67202, 11566, 40000, 0, 0, 48),(67202, 11567, 58000, 0, 0, 56),(67202, 11572, 22000, 0, 0, 40),(67202, 11573, 42000, 0, 0, 50),(67202, 11574, 62000, 0, 0, 60),(67202, 11578, 36000, 0, 0, 46),(67202, 11580, 40000, 0, 0, 48),(67202, 11581, 60000, 0, 0, 58),(67202, 11584, 34000, 0, 0, 44),(67202, 11585, 65000, 0, 0, 60),(67202, 11596, 36000, 0, 0, 46),(67202, 11597, 60000, 0, 0, 58),(67202, 11600, 34000, 0, 0, 44),(67202, 11601, 56000, 0, 0, 54),(67202, 11604, 36000, 0, 0, 46),(67202, 11605, 56000, 0, 0, 54),(67202, 11608, 22000, 0, 0, 40),(67202, 11609, 42000, 0, 0, 50),(67202, 12678, 4000, 0, 0, 20),(67202, 18499, 14000, 0, 0, 32),(67202, 20230, 4000, 0, 0, 20),(67202, 20252, 12000, 0, 0, 30),(67202, 20559, 36000, 0, 0, 46),(67202, 20560, 58000, 0, 0, 56),(67202, 20569, 62000, 0, 0, 60),(67202, 20616, 32000, 0, 0, 42),(67202, 20617, 54000, 0, 0, 52),(67202, 20658, 14000, 0, 0, 32),(67202, 20660, 22000, 0, 0, 40),(67202, 20661, 40000, 0, 0, 48),(67202, 20662, 58000, 0, 0, 56),(67202, 21551, 2000, 0, 0, 48),(67202, 21552, 2800, 0, 0, 54),(67202, 21553, 3100, 0, 0, 60),(67202, 23892, 2000, 0, 0, 48),(67202, 23893, 2800, 0, 0, 54),(67202, 23894, 3100, 0, 0, 60),(67202, 23920, 65000, 0, 0, 64),(67202, 23922, 22000, 0, 0, 40),(67202, 23923, 40000, 0, 0, 48),(67202, 23924, 56000, 0, 0, 54),(67202, 23925, 62000, 0, 0, 60),(67202, 25202, 65000, 0, 0, 62),(67202, 25203, 71000, 0, 0, 70),(67202, 25208, 65000, 0, 0, 68),(67202, 25212, 65000, 0, 0, 67),(67202, 25225, 65000, 0, 0, 67),(67202, 25231, 65000, 0, 0, 68),(67202, 25234, 65000, 0, 0, 65),(67202, 25236, 71000, 0, 0, 70),(67202, 25241, 65000, 0, 0, 61),(67202, 25242, 71000, 0, 0, 69),(67202, 25248, 3250, 0, 0, 66),(67202, 25251, 3250, 0, 0, 66),(67202, 25258, 65000, 0, 0, 66),(67202, 25264, 65000, 0, 0, 67),(67202, 25266, 65000, 0, 0, 65),(67202, 25269, 65000, 0, 0, 63),(67202, 25272, 65000, 0, 0, 61),(67202, 25275, 65000, 0, 0, 69),(67202, 25286, 60000, 0, 0, 60),(67202, 25288, 60000, 0, 0, 60),(67202, 25289, 65000, 0, 0, 60),(67202, 29704, 60000, 0, 0, 64),(67202, 29707, 65000, 0, 0, 66),(67202, 30016, 3100, 0, 0, 60),(67202, 30022, 3250, 0, 0, 70),(67202, 30324, 100000, 0, 0, 70),(67202, 30330, 3500, 0, 0, 70),(67202, 30335, 3250, 0, 0, 70),(67202, 30356, 71000, 0, 0, 70),(67202, 30357, 260000, 0, 0, 70),(67202, 34428, 58000, 0, 0, 62),(67202, 46845, 260000, 0, 0, 71),(67202, 47436, 260000, 0, 0, 78),(67202, 47437, 260000, 0, 0, 79),(67202, 47439, 100000, 0, 0, 74),(67202, 47440, 260000, 0, 0, 80),(67202, 47449, 260000, 0, 0, 72),(67202, 47450, 260000, 0, 0, 76),(67202, 47465, 260000, 0, 0, 76),(67202, 47467, 260000, 0, 0, 77),(67202, 47470, 260000, 0, 0, 73),(67202, 47471, 260000, 0, 0, 80),(67202, 47474, 260000, 0, 0, 74),(67202, 47475, 260000, 0, 0, 79),(67202, 47485, 13000, 0, 0, 75),(67202, 47486, 13000, 0, 0, 80),(67202, 47487, 260000, 0, 0, 75),(67202, 47488, 260000, 0, 0, 80),(67202, 47497, 5000, 0, 0, 75),(67202, 47498, 5000, 0, 0, 80),(67202, 47501, 260000, 0, 0, 73),(67202, 47502, 26000, 0, 0, 78),(67202, 47519, 260000, 0, 0, 72),(67202, 47520, 260000, 0, 0, 77),(67202, 55694, 100000, 0, 0, 75),(67202, 57755, 100000, 0, 0, 80),(67202, 57823, 260000, 0, 0, 80),(67202, 64382, 260000, 0, 0, 71),
(67203, 465, 9, 0, 0, 0),(67203, 498, 100, 0, 0, 6),(67203, 633, 300, 0, 0, 10),(67203, 639, 100, 0, 0, 6),(67203, 642, 13000, 0, 0, 34),(67203, 643, 4000, 0, 0, 20),(67203, 647, 2000, 0, 0, 14),(67203, 750, 20000, 0, 0, 5),(67203, 853, 100, 0, 0, 8),(67203, 879, 4000, 0, 0, 20),(67203, 1022, 300, 0, 0, 10),(67203, 1026, 4000, 0, 0, 22),(67203, 1032, 20000, 0, 0, 40),(67203, 1038, 6000, 0, 0, 26),(67203, 1042, 11000, 0, 0, 30),(67203, 1044, 3500, 0, 0, 18),(67203, 1152, 100, 0, 0, 8),(67203, 2800, 11000, 0, 0, 30),(67203, 2812, 28000, 0, 0, 50),(67203, 3127, 100, 0, 0, 8),(67203, 3472, 16000, 0, 0, 38),(67203, 4987, 21000, 0, 0, 42),(67203, 5502, 4000, 0, 0, 20),(67203, 5588, 5000, 0, 0, 24),(67203, 5589, 20000, 0, 0, 40),(67203, 5599, 5000, 0, 0, 24),(67203, 5614, 9000, 0, 0, 28),(67203, 5615, 14000, 0, 0, 36),(67203, 6940, 24000, 0, 0, 46),(67203, 7294, 3000, 0, 0, 16),(67203, 7328, 1500, 0, 0, 10),(67203, 10278, 16000, 0, 0, 38),(67203, 10290, 300, 0, 0, 10),(67203, 10291, 11000, 0, 0, 30),(67203, 10292, 28000, 0, 0, 50),(67203, 10293, 46000, 0, 0, 60),(67203, 10298, 6000, 0, 0, 26),(67203, 10299, 14000, 0, 0, 36),(67203, 10300, 24000, 0, 0, 46),(67203, 10301, 42000, 0, 0, 56),(67203, 10308, 40000, 0, 0, 54),(67203, 10310, 28000, 0, 0, 50),(67203, 10312, 22000, 0, 0, 44),(67203, 10313, 34000, 0, 0, 52),(67203, 10314, 46000, 0, 0, 60),(67203, 10318, 46000, 0, 0, 60),(67203, 10322, 5000, 0, 0, 24),(67203, 10324, 14000, 0, 0, 36),(67203, 10326, 5000, 0, 0, 24),(67203, 10328, 24000, 0, 0, 46),(67203, 10329, 40000, 0, 0, 54),(67203, 13819, 10000, 0, 0, 30),(67203, 13820, 10000, 0, 0, 30),(67203, 19740, 100, 0, 0, 4),(67203, 19742, 2000, 0, 0, 14),(67203, 19746, 4000, 0, 0, 22),(67203, 19750, 4000, 0, 0, 20),(67203, 19752, 11000, 0, 0, 30),(67203, 19834, 1000, 0, 0, 12),(67203, 19835, 4000, 0, 0, 22),(67203, 19836, 12000, 0, 0, 32),(67203, 19837, 21000, 0, 0, 42),(67203, 19838, 34000, 0, 0, 52),(67203, 19850, 5000, 0, 0, 24),(67203, 19852, 13000, 0, 0, 34),(67203, 19853, 22000, 0, 0, 44),(67203, 19854, 40000, 0, 0, 54),(67203, 19876, 9000, 0, 0, 28),(67203, 19888, 12000, 0, 0, 32),(67203, 19891, 14000, 0, 0, 36),(67203, 19895, 20000, 0, 0, 40),(67203, 19896, 34000, 0, 0, 52),(67203, 19897, 22000, 0, 0, 44),(67203, 19898, 42000, 0, 0, 56),(67203, 19899, 26000, 0, 0, 48),(67203, 19900, 46000, 0, 0, 60),(67203, 19939, 6000, 0, 0, 26),(67203, 19940, 13000, 0, 0, 34),(67203, 19941, 21000, 0, 0, 42),(67203, 19942, 28000, 0, 0, 50),(67203, 19943, 44000, 0, 0, 58),(67203, 20116, 11000, 0, 0, 30),(67203, 20164, 4000, 0, 0, 22),(67203, 20165, 11000, 0, 0, 30),(67203, 20166, 16000, 0, 0, 38),(67203, 20217, 3600, 0, 0, 20),(67203, 20271, 100, 0, 0, 4),(67203, 20772, 26000, 0, 0, 48),(67203, 20773, 46000, 0, 0, 60),(67203, 20922, 20000, 0, 0, 40),(67203, 20923, 28000, 0, 0, 50),(67203, 20924, 46000, 0, 0, 60),(67203, 20927, 1400, 0, 0, 50),(67203, 20928, 2300, 0, 0, 60),(67203, 20929, 1300, 0, 0, 48),(67203, 20930, 2100, 0, 0, 56),(67203, 23214, 200000, 0, 0, 61),(67203, 24239, 46000, 0, 0, 60),(67203, 24274, 34000, 0, 0, 52),(67203, 24275, 22000, 0, 0, 44),(67203, 25290, 50000, 0, 0, 60),(67203, 25291, 50000, 0, 0, 60),(67203, 25292, 46000, 0, 0, 60),(67203, 25780, 3000, 0, 0, 16),(67203, 25782, 46000, 0, 0, 52),(67203, 25894, 46000, 0, 0, 54),(67203, 25898, 2300, 0, 0, 60),(67203, 25899, 2300, 0, 0, 60),(67203, 25916, 46000, 0, 0, 60),(67203, 25918, 46000, 0, 0, 60),(67203, 26573, 4000, 0, 0, 20),(67203, 27135, 55000, 0, 0, 62),(67203, 27136, 130000, 0, 0, 70),(67203, 27137, 83000, 0, 0, 66),(67203, 27138, 100000, 0, 0, 68),(67203, 27139, 110000, 0, 0, 69),(67203, 27140, 200000, 0, 0, 70),(67203, 27141, 100000, 0, 0, 70),(67203, 27142, 75000, 0, 0, 65),(67203, 27143, 75000, 0, 0, 65),(67203, 27149, 130000, 0, 0, 70),(67203, 27150, 83000, 0, 0, 66),(67203, 27151, 61000, 0, 0, 63),(67203, 27152, 100000, 0, 0, 68),(67203, 27153, 130000, 0, 0, 70),(67203, 27154, 110000, 0, 0, 69),(67203, 27173, 130000, 0, 0, 70),(67203, 27174, 3350, 0, 0, 64),(67203, 27179, 6500, 0, 0, 70),(67203, 27180, 100000, 0, 0, 68),(67203, 31789, 4000, 0, 0, 14),(67203, 31801, 67000, 0, 0, 64),(67203, 31884, 130000, 0, 0, 70),(67203, 31892, 100000, 0, 0, 66),(67203, 32223, 55000, 0, 0, 62),(67203, 32699, 2300, 0, 0, 60),(67203, 32700, 5000, 0, 0, 70),(67203, 33072, 6500, 0, 0, 70),(67203, 48781, 200000, 0, 0, 75),(67203, 48782, 200000, 0, 0, 80),(67203, 48784, 200000, 0, 0, 74),(67203, 48785, 200000, 0, 0, 79),(67203, 48788, 200000, 0, 0, 78),(67203, 48800, 200000, 0, 0, 73),(67203, 48801, 200000, 0, 0, 79),(67203, 48805, 200000, 0, 0, 74),(67203, 48806, 200000, 0, 0, 80),(67203, 48816, 200000, 0, 0, 72),(67203, 48817, 200000, 0, 0, 78),(67203, 48818, 200000, 0, 0, 75),(67203, 48819, 200000, 0, 0, 80),(67203, 48824, 10000, 0, 0, 75),(67203, 48825, 10000, 0, 0, 80),(67203, 48826, 10000, 0, 0, 75),(67203, 48827, 10000, 0, 0, 80),(67203, 48931, 200000, 0, 0, 73),(67203, 48932, 200000, 0, 0, 79),(67203, 48933, 200000, 0, 0, 73),(67203, 48934, 200000, 0, 0, 79),(67203, 48935, 200000, 0, 0, 71),(67203, 48936, 200000, 0, 0, 77),(67203, 48937, 200000, 0, 0, 71),(67203, 48938, 200000, 0, 0, 77),(67203, 48941, 200000, 0, 0, 74),(67203, 48942, 200000, 0, 0, 79),(67203, 48943, 200000, 0, 0, 76),(67203, 48945, 200000, 0, 0, 77),(67203, 48947, 200000, 0, 0, 78),(67203, 48949, 200000, 0, 0, 72),(67203, 48950, 200000, 0, 0, 79),(67203, 48951, 10000, 0, 0, 75),(67203, 48952, 10000, 0, 0, 80),(67203, 53407, 9000, 0, 0, 28),(67203, 53408, 1000, 0, 0, 12),(67203, 53600, 200000, 0, 0, 75),(67203, 53601, 100000, 0, 0, 80),(67203, 53720, 100000, 0, 0, 66),(67203, 53763, 100000, 0, 0, 66),(67203, 54043, 200000, 0, 0, 76),(67203, 54428, 100000, 0, 0, 71),(67203, 61411, 200000, 0, 0, 80),(67203, 62124, 3000, 0, 0, 16),
(67204, 136, 600, 0, 0, 12),(67204, 674, 2200, 0, 0, 20),(67204, 781, 2200, 0, 0, 20),(67204, 883, 1500, 0, 0, 10),(67204, 982, 1500, 0, 0, 10),(67204, 1002, 1200, 0, 0, 14),(67204, 1130, 100, 0, 0, 6),(67204, 1462, 7000, 0, 0, 24),(67204, 1494, 9, 0, 0, 0),(67204, 1495, 1800, 0, 0, 16),(67204, 1499, 2200, 0, 0, 20),(67204, 1510, 18000, 0, 0, 40),(67204, 1513, 1200, 0, 0, 14),(67204, 1515, 1500, 0, 0, 10),(67204, 1543, 10000, 0, 0, 32),(67204, 1978, 100, 0, 0, 4),(67204, 2641, 1500, 0, 0, 10),(67204, 2643, 2000, 0, 0, 18),(67204, 2974, 600, 0, 0, 12),(67204, 3034, 14000, 0, 0, 36),(67204, 3043, 6000, 0, 0, 22),(67204, 3044, 100, 0, 0, 6),(67204, 3045, 7000, 0, 0, 26),(67204, 3111, 2200, 0, 0, 20),(67204, 3127, 200, 0, 0, 8),(67204, 3661, 8000, 0, 0, 28),(67204, 3662, 14000, 0, 0, 36),(67204, 5116, 200, 0, 0, 8),(67204, 5118, 2200, 0, 0, 20),(67204, 5149, 1500, 0, 0, 10),(67204, 5384, 8000, 0, 0, 30),(67204, 6197, 1200, 0, 0, 14),(67204, 6991, 1500, 0, 0, 10),(67204, 8737, 18000, 0, 0, 5),(67204, 13159, 18000, 0, 0, 40),(67204, 13161, 8000, 0, 0, 30),(67204, 13163, 100, 0, 0, 4),(67204, 13165, 400, 0, 0, 10),(67204, 13542, 26000, 0, 0, 44),(67204, 13543, 40000, 0, 0, 52),(67204, 13544, 50000, 0, 0, 60),(67204, 13549, 400, 0, 0, 10),(67204, 13550, 2000, 0, 0, 18),(67204, 13551, 7000, 0, 0, 26),(67204, 13552, 12000, 0, 0, 34),(67204, 13553, 24000, 0, 0, 42),(67204, 13554, 36000, 0, 0, 50),(67204, 13555, 48000, 0, 0, 58),(67204, 13795, 1800, 0, 0, 16),(67204, 13809, 8000, 0, 0, 28),(67204, 13813, 12000, 0, 0, 34),(67204, 14260, 200, 0, 0, 8),(67204, 14261, 1800, 0, 0, 16),(67204, 14262, 7000, 0, 0, 24),(67204, 14263, 10000, 0, 0, 32),(67204, 14264, 18000, 0, 0, 40),(67204, 14265, 32000, 0, 0, 48),(67204, 14266, 46000, 0, 0, 56),(67204, 14267, 16000, 0, 0, 38),(67204, 14268, 50000, 0, 0, 60),(67204, 14269, 8000, 0, 0, 30),(67204, 14270, 26000, 0, 0, 44),(67204, 14271, 48000, 0, 0, 58),(67204, 14281, 600, 0, 0, 12),(67204, 14282, 2200, 0, 0, 20),(67204, 14283, 8000, 0, 0, 28),(67204, 14284, 14000, 0, 0, 36),(67204, 14285, 26000, 0, 0, 44),(67204, 14286, 40000, 0, 0, 52),(67204, 14287, 50000, 0, 0, 60),(67204, 14288, 8000, 0, 0, 30),(67204, 14289, 24000, 0, 0, 42),(67204, 14290, 42000, 0, 0, 54),(67204, 14294, 36000, 0, 0, 50),(67204, 14295, 48000, 0, 0, 58),(67204, 14302, 7000, 0, 0, 26),(67204, 14303, 14000, 0, 0, 36),(67204, 14304, 28000, 0, 0, 46),(67204, 14305, 46000, 0, 0, 56),(67204, 14310, 18000, 0, 0, 40),(67204, 14311, 50000, 0, 0, 60),(67204, 14316, 26000, 0, 0, 44),(67204, 14317, 42000, 0, 0, 54),(67204, 14318, 2000, 0, 0, 18),(67204, 14319, 8000, 0, 0, 28),(67204, 14320, 16000, 0, 0, 38),(67204, 14321, 32000, 0, 0, 48),(67204, 14322, 48000, 0, 0, 58),(67204, 14323, 6000, 0, 0, 22),(67204, 14324, 18000, 0, 0, 40),(67204, 14325, 48000, 0, 0, 58),(67204, 14326, 8000, 0, 0, 30),(67204, 14327, 28000, 0, 0, 46),(67204, 19263, 2200, 0, 0, 60),(67204, 19801, 50000, 0, 0, 60),(67204, 19878, 10000, 0, 0, 32),(67204, 19879, 36000, 0, 0, 50),(67204, 19880, 7000, 0, 0, 26),(67204, 19882, 18000, 0, 0, 40),(67204, 19883, 400, 0, 0, 10),(67204, 19884, 2000, 0, 0, 18),(67204, 19885, 7000, 0, 0, 24),(67204, 20043, 28000, 0, 0, 46),(67204, 20190, 46000, 0, 0, 56),(67204, 20736, 600, 0, 0, 12),(67204, 20900, 400, 0, 0, 28),(67204, 20901, 700, 0, 0, 36),(67204, 20902, 1300, 0, 0, 44),(67204, 20903, 2000, 0, 0, 52),(67204, 20904, 2500, 0, 0, 60),(67204, 20909, 1200, 0, 0, 42),(67204, 20910, 2100, 0, 0, 54),(67204, 24132, 1800, 0, 0, 50),(67204, 24133, 2500, 0, 0, 60),(67204, 25294, 50000, 0, 0, 60),(67204, 25295, 50000, 0, 0, 60),(67204, 25296, 50000, 0, 0, 60),(67204, 27014, 87000, 0, 0, 63),(67204, 27016, 140000, 0, 0, 67),(67204, 27019, 170000, 0, 0, 69),(67204, 27021, 140000, 0, 0, 67),(67204, 27022, 140000, 0, 0, 67),(67204, 27023, 110000, 0, 0, 65),(67204, 27025, 68000, 0, 0, 61),(67204, 27044, 150000, 0, 0, 68),(67204, 27045, 150000, 0, 0, 68),(67204, 27046, 150000, 0, 0, 68),(67204, 27065, 10000, 0, 0, 70),(67204, 27067, 2500, 0, 0, 66),(67204, 27068, 5000, 0, 0, 70),(67204, 34026, 120000, 0, 0, 66),(67204, 34074, 2200, 0, 0, 20),(67204, 34120, 70000, 0, 0, 62),(67204, 34477, 190000, 0, 0, 70),(67204, 34600, 150000, 0, 0, 68),(67204, 36916, 300000, 0, 0, 70),(67204, 48989, 300000, 0, 0, 74),(67204, 48990, 300000, 0, 0, 80),(67204, 48995, 300000, 0, 0, 71),(67204, 48996, 300000, 0, 0, 77),(67204, 48998, 15000, 0, 0, 72),(67204, 48999, 15000, 0, 0, 78),(67204, 49000, 300000, 0, 0, 73),(67204, 49001, 300000, 0, 0, 79),(67204, 49011, 100000, 0, 0, 75),(67204, 49012, 100000, 0, 0, 80),(67204, 49044, 300000, 0, 0, 73),(67204, 49045, 300000, 0, 0, 79),(67204, 49047, 300000, 0, 0, 74),(67204, 49048, 300000, 0, 0, 80),(67204, 49049, 10000, 0, 0, 75),(67204, 49050, 10000, 0, 0, 80),(67204, 49051, 300000, 0, 0, 71),(67204, 49052, 300000, 0, 0, 77),(67204, 49055, 300000, 0, 0, 72),(67204, 49056, 300000, 0, 0, 78),(67204, 49066, 300000, 0, 0, 71),(67204, 49067, 300000, 0, 0, 77),(67204, 49071, 300000, 0, 0, 76),(67204, 53271, 10000, 0, 0, 75),(67204, 53338, 10000, 0, 0, 76),(67204, 53339, 300000, 0, 0, 80),(67204, 53351, 300000, 0, 0, 71),(67204, 56641, 36000, 0, 0, 50),(67204, 58431, 300000, 0, 0, 74),(67204, 58434, 300000, 0, 0, 80),(67204, 60051, 400, 0, 0, 70),(67204, 60052, 400, 0, 0, 75),(67204, 60053, 100000, 0, 0, 80),(67204, 60192, 100000, 0, 0, 80),(67204, 61005, 300000, 0, 0, 75),(67204, 61006, 300000, 0, 0, 80),(67204, 61846, 300000, 0, 0, 74),(67204, 61847, 300000, 0, 0, 80),(67204, 63668, 1800, 0, 0, 57),(67204, 63669, 7000, 0, 0, 63),(67204, 63670, 13000, 0, 0, 69),(67204, 63671, 300000, 0, 0, 75),(67204, 63672, 300000, 0, 0, 80),
(67205, 53, 100, 0, 0, 4),(67205, 408, 10000, 0, 0, 30),(67205, 674, 300, 0, 0, 10),(67205, 703, 1200, 0, 0, 14),(67205, 921, 100, 0, 0, 4),(67205, 1725, 4000, 0, 0, 22),(67205, 1757, 100, 0, 0, 6),(67205, 1758, 1200, 0, 0, 14),(67205, 1759, 4000, 0, 0, 22),(67205, 1760, 10000, 0, 0, 30),(67205, 1766, 800, 0, 0, 12),(67205, 1776, 100, 0, 0, 6),(67205, 1784, 9, 0, 0, 0),(67205, 1785, 3000, 0, 0, 20),(67205, 1786, 20000, 0, 0, 40),(67205, 1787, 54000, 0, 0, 60),(67205, 1804, 1800, 0, 0, 16),(67205, 1833, 6000, 0, 0, 26),(67205, 1842, 10000, 0, 0, 30),(67205, 1856, 4000, 0, 0, 22),(67205, 1857, 27000, 0, 0, 42),(67205, 1860, 20000, 0, 0, 40),(67205, 1943, 3000, 0, 0, 20),(67205, 1966, 1800, 0, 0, 16),(67205, 2070, 8000, 0, 0, 28),(67205, 2094, 14000, 0, 0, 34),(67205, 2589, 800, 0, 0, 12),(67205, 2590, 3000, 0, 0, 20),(67205, 2591, 8000, 0, 0, 28),(67205, 2836, 5000, 0, 0, 24),(67205, 2983, 300, 0, 0, 10),(67205, 3127, 800, 0, 0, 12),(67205, 5171, 300, 0, 0, 10),(67205, 5277, 200, 0, 0, 8),(67205, 5938, 100000, 0, 0, 70),(67205, 6760, 200, 0, 0, 8),(67205, 6761, 1800, 0, 0, 16),(67205, 6762, 5000, 0, 0, 24),(67205, 6768, 8000, 0, 0, 28),(67205, 6770, 300, 0, 0, 10),(67205, 6774, 27000, 0, 0, 42),(67205, 8621, 18000, 0, 0, 38),(67205, 8623, 12000, 0, 0, 32),(67205, 8624, 20000, 0, 0, 40),(67205, 8631, 4000, 0, 0, 22),(67205, 8632, 10000, 0, 0, 30),(67205, 8633, 18000, 0, 0, 38),(67205, 8637, 20000, 0, 0, 40),(67205, 8639, 8000, 0, 0, 28),(67205, 8640, 16000, 0, 0, 36),(67205, 8643, 35000, 0, 0, 50),(67205, 8647, 1200, 0, 0, 14),(67205, 8649, 6000, 0, 0, 26),(67205, 8650, 16000, 0, 0, 36),(67205, 8676, 2900, 0, 0, 18),(67205, 8696, 14000, 0, 0, 34),(67205, 8721, 16000, 0, 0, 36),(67205, 8724, 6000, 0, 0, 26),(67205, 8725, 14000, 0, 0, 34),(67205, 11197, 31000, 0, 0, 46),(67205, 11198, 50000, 0, 0, 56),(67205, 11267, 27000, 0, 0, 42),(67205, 11268, 35000, 0, 0, 50),(67205, 11269, 52000, 0, 0, 58),(67205, 11273, 29000, 0, 0, 44),(67205, 11274, 46000, 0, 0, 52),(67205, 11275, 54000, 0, 0, 60),(67205, 11279, 29000, 0, 0, 44),(67205, 11280, 46000, 0, 0, 52),(67205, 11281, 54000, 0, 0, 60),(67205, 11289, 31000, 0, 0, 46),(67205, 11290, 48000, 0, 0, 54),(67205, 11293, 31000, 0, 0, 46),(67205, 11294, 48000, 0, 0, 54),(67205, 11297, 33000, 0, 0, 48),(67205, 11299, 33000, 0, 0, 48),(67205, 11300, 50000, 0, 0, 56),(67205, 11303, 46000, 0, 0, 52),(67205, 11305, 52000, 0, 0, 58),(67205, 17347, 385, 0, 0, 46),(67205, 17348, 650, 0, 0, 58),(67205, 25300, 72000, 0, 0, 60),(67205, 25302, 50000, 0, 0, 60),(67205, 26669, 35000, 0, 0, 50),(67205, 26679, 72000, 0, 0, 64),(67205, 26839, 50000, 0, 0, 61),(67205, 26861, 50000, 0, 0, 62),(67205, 26862, 100000, 0, 0, 70),(67205, 26863, 110000, 0, 0, 68),(67205, 26864, 2700, 0, 0, 70),(67205, 26865, 140000, 0, 0, 64),(67205, 26866, 99000, 0, 0, 66),(67205, 26867, 120000, 0, 0, 68),(67205, 26884, 100000, 0, 0, 70),(67205, 26889, 59000, 0, 0, 62),(67205, 27441, 80000, 0, 0, 66),(67205, 27448, 72000, 0, 0, 64),(67205, 31016, 65000, 0, 0, 60),(67205, 31224, 89000, 0, 0, 66),(67205, 32645, 59000, 0, 0, 62),(67205, 32684, 100000, 0, 0, 69),(67205, 34411, 5500, 0, 0, 50),(67205, 34412, 6500, 0, 0, 60),(67205, 34413, 7500, 0, 0, 70),(67205, 48637, 300000, 0, 0, 76),(67205, 48638, 300000, 0, 0, 80),(67205, 48656, 300000, 0, 0, 74),(67205, 48657, 300000, 0, 0, 80),(67205, 48658, 300000, 0, 0, 72),(67205, 48659, 300000, 0, 0, 78),(67205, 48660, 15000, 0, 0, 80),(67205, 48663, 15000, 0, 0, 75),(67205, 48666, 15000, 0, 0, 80),(67205, 48667, 300000, 0, 0, 73),(67205, 48668, 300000, 0, 0, 79),(67205, 48669, 300000, 0, 0, 77),(67205, 48671, 300000, 0, 0, 74),(67205, 48672, 300000, 0, 0, 79),(67205, 48673, 100000, 0, 0, 70),(67205, 48674, 300000, 0, 0, 76),(67205, 48675, 300000, 0, 0, 75),(67205, 48676, 300000, 0, 0, 80),(67205, 48689, 140000, 0, 0, 70),(67205, 48690, 300000, 0, 0, 75),(67205, 48691, 300000, 0, 0, 80),(67205, 51722, 3000, 0, 0, 20),(67205, 51723, 300000, 0, 0, 80),(67205, 51724, 300000, 0, 0, 71),(67205, 57934, 300000, 0, 0, 75),(67205, 57992, 300000, 0, 0, 74),(67205, 57993, 300000, 0, 0, 80),
(67206, 17, 100, 0, 0, 6),(67206, 139, 200, 0, 0, 8),(67206, 453, 3000, 0, 0, 20),(67206, 527, 2000, 0, 0, 18),(67206, 528, 1200, 0, 0, 14),(67206, 552, 11000, 0, 0, 32),(67206, 586, 200, 0, 0, 8),(67206, 588, 800, 0, 0, 12),(67206, 589, 100, 0, 0, 4),(67206, 591, 100, 0, 0, 6),(67206, 592, 800, 0, 0, 12),(67206, 594, 300, 0, 0, 10),(67206, 596, 10000, 0, 0, 30),(67206, 598, 1200, 0, 0, 14),(67206, 600, 2000, 0, 0, 18),(67206, 602, 10000, 0, 0, 30),(67206, 605, 10000, 0, 0, 30),(67206, 970, 2000, 0, 0, 18),(67206, 976, 10000, 0, 0, 30),(67206, 984, 4000, 0, 0, 22),(67206, 988, 14000, 0, 0, 36),(67206, 992, 6000, 0, 0, 26),(67206, 996, 18000, 0, 0, 40),(67206, 1004, 10000, 0, 0, 30),(67206, 1006, 18000, 0, 0, 40),(67206, 1243, 9, 0, 0, 0),(67206, 1244, 800, 0, 0, 12),(67206, 1245, 5000, 0, 0, 24),(67206, 1706, 12000, 0, 0, 34),(67206, 2006, 300, 0, 0, 10),(67206, 2010, 4000, 0, 0, 22),(67206, 2052, 100, 0, 0, 4),(67206, 2053, 300, 0, 0, 10),(67206, 2054, 1600, 0, 0, 16),(67206, 2055, 4000, 0, 0, 22),(67206, 2060, 18000, 0, 0, 40),(67206, 2061, 3000, 0, 0, 20),(67206, 2096, 4000, 0, 0, 22),(67206, 2767, 12000, 0, 0, 34),(67206, 2791, 14000, 0, 0, 36),(67206, 2944, 3000, 0, 0, 20),(67206, 3747, 5000, 0, 0, 24),(67206, 6060, 16000, 0, 0, 38),(67206, 6063, 8000, 0, 0, 28),(67206, 6064, 12000, 0, 0, 34),(67206, 6065, 10000, 0, 0, 30),(67206, 6066, 14000, 0, 0, 36),(67206, 6074, 1200, 0, 0, 14),(67206, 6075, 3000, 0, 0, 20),(67206, 6076, 6000, 0, 0, 26),(67206, 6077, 11000, 0, 0, 32),(67206, 6078, 16000, 0, 0, 38),(67206, 6346, 800, 0, 0, 20),(67206, 7128, 3000, 0, 0, 20),(67206, 8092, 300, 0, 0, 10),(67206, 8102, 1600, 0, 0, 16),(67206, 8103, 4000, 0, 0, 22),(67206, 8104, 8000, 0, 0, 28),(67206, 8105, 12000, 0, 0, 34),(67206, 8106, 18000, 0, 0, 40),(67206, 8122, 1200, 0, 0, 14),(67206, 8124, 8000, 0, 0, 28),(67206, 8129, 5000, 0, 0, 24),(67206, 9472, 6000, 0, 0, 26),(67206, 9473, 11000, 0, 0, 32),(67206, 9474, 16000, 0, 0, 38),(67206, 9484, 3000, 0, 0, 20),(67206, 9485, 18000, 0, 0, 40),(67206, 10880, 12000, 0, 0, 34),(67206, 10881, 26000, 0, 0, 46),(67206, 10888, 22000, 0, 0, 42),(67206, 10890, 42000, 0, 0, 56),(67206, 10892, 22000, 0, 0, 42),(67206, 10893, 30000, 0, 0, 50),(67206, 10894, 44000, 0, 0, 58),(67206, 10898, 22000, 0, 0, 42),(67206, 10899, 28000, 0, 0, 48),(67206, 10900, 40000, 0, 0, 54),(67206, 10901, 46000, 0, 0, 60),(67206, 10909, 24000, 0, 0, 44),(67206, 10915, 24000, 0, 0, 44),(67206, 10916, 30000, 0, 0, 50),(67206, 10917, 42000, 0, 0, 56),(67206, 10927, 24000, 0, 0, 44),(67206, 10928, 30000, 0, 0, 50),(67206, 10929, 42000, 0, 0, 56),(67206, 10933, 26000, 0, 0, 46),(67206, 10934, 40000, 0, 0, 54),(67206, 10937, 28000, 0, 0, 48),(67206, 10938, 46000, 0, 0, 60),(67206, 10945, 26000, 0, 0, 46),(67206, 10946, 38000, 0, 0, 52),(67206, 10947, 44000, 0, 0, 58),(67206, 10951, 30000, 0, 0, 50),(67206, 10952, 46000, 0, 0, 60),(67206, 10955, 46000, 0, 0, 60),(67206, 10957, 22000, 0, 0, 42),(67206, 10958, 42000, 0, 0, 56),(67206, 10960, 30000, 0, 0, 50),(67206, 10961, 46000, 0, 0, 60),(67206, 10963, 26000, 0, 0, 46),(67206, 10964, 38000, 0, 0, 52),(67206, 10965, 44000, 0, 0, 58),(67206, 14752, 570, 0, 0, 30),(67206, 14818, 900, 0, 0, 40),(67206, 14819, 1500, 0, 0, 50),(67206, 14914, 3000, 0, 0, 20),(67206, 15237, 3000, 0, 0, 20),(67206, 15261, 46000, 0, 0, 60),(67206, 15262, 5000, 0, 0, 24),(67206, 15263, 10000, 0, 0, 30),(67206, 15264, 14000, 0, 0, 36),(67206, 15265, 22000, 0, 0, 42),(67206, 15266, 28000, 0, 0, 48),(67206, 15267, 40000, 0, 0, 54),(67206, 15430, 8000, 0, 0, 28),(67206, 15431, 14000, 0, 0, 36),(67206, 17311, 400, 0, 0, 28),(67206, 17312, 700, 0, 0, 36),(67206, 17313, 1200, 0, 0, 44),(67206, 17314, 1900, 0, 0, 52),(67206, 18807, 2300, 0, 0, 60),(67206, 19238, 60, 0, 0, 26),(67206, 19240, 300, 0, 0, 34),(67206, 19241, 600, 0, 0, 42),(67206, 19242, 1100, 0, 0, 50),(67206, 19243, 1500, 0, 0, 58),(67206, 19276, 8000, 0, 0, 28),(67206, 19277, 14000, 0, 0, 36),(67206, 19278, 24000, 0, 0, 44),(67206, 19279, 38000, 0, 0, 52),(67206, 19280, 46000, 0, 0, 60),(67206, 20770, 44000, 0, 0, 58),(67206, 21562, 28000, 0, 0, 48),(67206, 21564, 46000, 0, 0, 60),(67206, 25210, 65000, 0, 0, 63),(67206, 25213, 110000, 0, 0, 68),(67206, 25217, 80000, 0, 0, 65),(67206, 25218, 140000, 0, 0, 70),(67206, 25221, 80000, 0, 0, 65),(67206, 25222, 140000, 0, 0, 70),(67206, 25233, 53000, 0, 0, 61),(67206, 25235, 99000, 0, 0, 67),(67206, 25308, 110000, 0, 0, 68),(67206, 25312, 2300, 0, 0, 70),(67206, 25314, 65000, 0, 0, 60),(67206, 25315, 6500, 0, 0, 60),(67206, 25316, 6500, 0, 0, 60),(67206, 25331, 110000, 0, 0, 68),(67206, 25363, 53000, 0, 0, 61),(67206, 25364, 65000, 0, 0, 69),(67206, 25367, 80000, 0, 0, 65),(67206, 25368, 140000, 0, 0, 70),(67206, 25372, 65000, 0, 0, 63),(67206, 25375, 65000, 0, 0, 69),(67206, 25384, 65000, 0, 0, 66),(67206, 25387, 6500, 0, 0, 68),(67206, 25389, 65000, 0, 0, 70),(67206, 25392, 100000, 0, 0, 70),(67206, 25431, 65000, 0, 0, 69),(67206, 25433, 110000, 0, 0, 68),(67206, 25435, 110000, 0, 0, 68),(67206, 25437, 2200, 0, 0, 66),(67206, 25467, 110000, 0, 0, 68),(67206, 27681, 2300, 0, 0, 60),(67206, 27683, 42000, 0, 0, 56),(67206, 27799, 24000, 0, 0, 44),(67206, 27800, 38000, 0, 0, 52),(67206, 27801, 46000, 0, 0, 60),(67206, 27841, 2300, 0, 0, 60),(67206, 27870, 1200, 0, 0, 50),(67206, 27871, 1500, 0, 0, 60),(67206, 28275, 1500, 0, 0, 70),(67206, 32375, 110000, 0, 0, 70),(67206, 32379, 59000, 0, 0, 62),(67206, 32546, 72000, 0, 0, 64),(67206, 32996, 110000, 0, 0, 70),(67206, 32999, 3400, 0, 0, 70),(67206, 33076, 110000, 0, 0, 68),(67206, 34433, 89000, 0, 0, 66),(67206, 34863, 2100, 0, 0, 56),(67206, 34864, 2300, 0, 0, 60),(67206, 34865, 4000, 0, 0, 65),(67206, 34866, 7000, 0, 0, 70),(67206, 34916, 2300, 0, 0, 60),(67206, 34917, 2300, 0, 0, 70),(67206, 39374, 100000, 0, 0, 70),(67206, 48040, 180000, 0, 0, 71),(67206, 48045, 10000, 0, 0, 75),(67206, 48062, 180000, 0, 0, 73),(67206, 48063, 180000, 0, 0, 78),(67206, 48065, 180000, 0, 0, 75),(67206, 48066, 180000, 0, 0, 80),(67206, 48067, 180000, 0, 0, 75),(67206, 48068, 180000, 0, 0, 80),(67206, 48070, 180000, 0, 0, 73),(67206, 48071, 180000, 0, 0, 79),(67206, 48072, 180000, 0, 0, 76),(67206, 48073, 9000, 0, 0, 80),(67206, 48074, 9000, 0, 0, 80),(67206, 48077, 180000, 0, 0, 75),(67206, 48078, 180000, 0, 0, 80),(67206, 48086, 9000, 0, 0, 75),(67206, 48087, 9000, 0, 0, 80),(67206, 48088, 9000, 0, 0, 75),(67206, 48089, 9000, 0, 0, 80),(67206, 48112, 100000, 0, 0, 74),(67206, 48113, 180000, 0, 0, 79),(67206, 48119, 180000, 0, 0, 72),(67206, 48120, 180000, 0, 0, 78),(67206, 48122, 180000, 0, 0, 74),(67206, 48123, 180000, 0, 0, 79),(67206, 48124, 180000, 0, 0, 75),(67206, 48125, 180000, 0, 0, 80),(67206, 48126, 180000, 0, 0, 74),(67206, 48127, 180000, 0, 0, 79),(67206, 48134, 180000, 0, 0, 72),(67206, 48135, 180000, 0, 0, 78),(67206, 48155, 9000, 0, 0, 74),(67206, 48156, 9000, 0, 0, 80),(67206, 48157, 180000, 0, 0, 75),(67206, 48158, 180000, 0, 0, 80),(67206, 48159, 9000, 0, 0, 75),(67206, 48160, 9000, 0, 0, 80),(67206, 48161, 180000, 0, 0, 80),(67206, 48162, 180000, 0, 0, 80),(67206, 48168, 180000, 0, 0, 77),(67206, 48169, 180000, 0, 0, 76),(67206, 48170, 180000, 0, 0, 77),(67206, 48171, 180000, 0, 0, 78),(67206, 48172, 3250, 0, 0, 73),(67206, 48173, 9000, 0, 0, 80),(67206, 48299, 180000, 0, 0, 73),(67206, 48300, 180000, 0, 0, 79),(67206, 53005, 5000, 0, 0, 70),(67206, 53006, 9000, 0, 0, 75),(67206, 53007, 9000, 0, 0, 80),(67206, 53023, 100000, 0, 0, 80),(67206, 64843, 180000, 0, 0, 80),(67206, 64901, 65000, 0, 0, 60),
(67207, 3714, 61000, 0, 0, 61),(67207, 42650, 360000, 0, 0, 80),(67207, 43265, 6000, 0, 0, 60),(67207, 45463, 63000, 0, 0, 70),(67207, 45524, 5800, 0, 0, 58),(67207, 45529, 64000, 0, 0, 64),(67207, 46584, 5600, 0, 0, 56),(67207, 47476, 5900, 0, 0, 59),(67207, 47528, 5700, 0, 0, 57),(67207, 47568, 360000, 0, 0, 75),(67207, 48263, 5700, 0, 0, 57),(67207, 48265, 360000, 0, 0, 70),(67207, 48707, 68000, 0, 0, 68),(67207, 48721, 5800, 0, 0, 58),(67207, 48743, 66000, 0, 0, 66),(67207, 48792, 62000, 0, 0, 62),(67207, 49020, 61000, 0, 0, 61),(67207, 49892, 59000, 0, 0, 62),(67207, 49893, 68000, 0, 0, 68),(67207, 49894, 360000, 0, 0, 76),(67207, 49895, 360000, 0, 0, 80),(67207, 49896, 61000, 0, 0, 61),(67207, 49903, 67000, 0, 0, 67),(67207, 49904, 360000, 0, 0, 73),(67207, 49909, 360000, 0, 0, 78),(67207, 49913, 65000, 0, 0, 65),(67207, 49914, 69000, 0, 0, 69),(67207, 49915, 360000, 0, 0, 74),(67207, 49916, 360000, 0, 0, 79),(67207, 49917, 5800, 0, 0, 60),(67207, 49918, 65000, 0, 0, 65),(67207, 49919, 360000, 0, 0, 70),(67207, 49920, 360000, 0, 0, 75),(67207, 49921, 360000, 0, 0, 80),(67207, 49923, 360000, 0, 0, 75),(67207, 49924, 360000, 0, 0, 80),(67207, 49926, 5900, 0, 0, 59),(67207, 49927, 64000, 0, 0, 64),(67207, 49928, 69000, 0, 0, 69),(67207, 49929, 360000, 0, 0, 74),(67207, 49930, 360000, 0, 0, 80),(67207, 49936, 68000, 0, 0, 67),(67207, 49937, 360000, 0, 0, 73),(67207, 49938, 360000, 0, 0, 80),(67207, 49939, 66000, 0, 0, 66),(67207, 49940, 360000, 0, 0, 72),(67207, 49941, 360000, 0, 0, 78),(67207, 49998, 5600, 0, 0, 56),(67207, 49999, 65000, 0, 0, 63),(67207, 50842, 5600, 0, 0, 56),(67207, 50977, 6000, 0, 0, 60),(67207, 51325, 6000, 0, 0, 60),(67207, 51326, 18000, 0, 0, 70),(67207, 51327, 18000, 0, 0, 75),(67207, 51328, 18000, 0, 0, 80),(67207, 51376, 18000, 0, 0, 70),(67207, 51378, 18000, 0, 0, 75),(67207, 51379, 18000, 0, 0, 80),(67207, 51409, 6500, 0, 0, 70),(67207, 51410, 10000, 0, 0, 75),(67207, 51411, 10000, 0, 0, 80),(67207, 51416, 6200, 0, 0, 60),(67207, 51417, 3250, 0, 0, 65),(67207, 51418, 18000, 0, 0, 70),(67207, 51419, 18000, 0, 0, 75),(67207, 51423, 67000, 0, 0, 67),(67207, 51424, 360000, 0, 0, 73),(67207, 51425, 360000, 0, 0, 79),(67207, 51426, 62000, 0, 0, 62),(67207, 51427, 68000, 0, 0, 68),(67207, 51428, 360000, 0, 0, 74),(67207, 51429, 360000, 0, 0, 79),(67207, 52382, 6000, 0, 0, 60),(67207, 53323, 63000, 0, 0, 40),(67207, 53331, 6000, 0, 0, 40),(67207, 53341, 55000, 0, 0, 40),(67207, 53342, 5700, 0, 0, 40),(67207, 53343, 55000, 0, 0, 40),(67207, 53344, 360000, 0, 0, 40),(67207, 54446, 63000, 0, 0, 40),(67207, 54447, 5700, 0, 0, 40),(67207, 55258, 5900, 0, 0, 59),(67207, 55259, 3200, 0, 0, 64),(67207, 55260, 3450, 0, 0, 69),(67207, 55261, 18000, 0, 0, 74),(67207, 55262, 18000, 0, 0, 80),(67207, 55265, 18000, 0, 0, 67),(67207, 55268, 18000, 0, 0, 80),(67207, 55270, 18000, 0, 0, 73),(67207, 55271, 18000, 0, 0, 79),(67207, 56222, 65000, 0, 0, 65),(67207, 56815, 67000, 0, 0, 67),(67207, 57330, 65000, 0, 0, 65),(67207, 57623, 360000, 0, 0, 75),(67207, 61999, 360000, 0, 0, 72),(67207, 62158, 360000, 0, 0, 72),
(67208, 131, 3000, 0, 0, 22),(67208, 324, 100, 0, 0, 8),(67208, 325, 1800, 0, 0, 16),(67208, 332, 100, 0, 0, 6),(67208, 370, 800, 0, 0, 12),(67208, 421, 8000, 0, 0, 32),(67208, 526, 1800, 0, 0, 16),(67208, 529, 100, 0, 0, 8),(67208, 546, 6000, 0, 0, 28),(67208, 547, 800, 0, 0, 12),(67208, 548, 900, 0, 0, 14),(67208, 556, 7000, 0, 0, 30),(67208, 905, 3500, 0, 0, 24),(67208, 913, 2000, 0, 0, 18),(67208, 915, 2200, 0, 0, 20),(67208, 930, 12000, 0, 0, 40),(67208, 939, 3500, 0, 0, 24),(67208, 943, 4000, 0, 0, 26),(67208, 945, 8000, 0, 0, 32),(67208, 959, 8000, 0, 0, 32),(67208, 1064, 12000, 0, 0, 40),(67208, 1535, 800, 0, 0, 12),(67208, 2008, 800, 0, 0, 12),(67208, 2062, 58000, 0, 0, 66),(67208, 2484, 100, 0, 0, 6),(67208, 2645, 2200, 0, 0, 20),(67208, 2825, 88000, 0, 0, 70),(67208, 2860, 22000, 0, 0, 48),(67208, 2870, 3000, 0, 0, 22),(67208, 2894, 71000, 0, 0, 68),(67208, 3599, 1500, 0, 0, 10),(67208, 3738, 47000, 0, 0, 64),(67208, 5394, 2000, 0, 0, 20),(67208, 5675, 4000, 0, 0, 26),(67208, 5730, 100, 0, 0, 8),(67208, 6041, 8000, 0, 0, 32),(67208, 6196, 4000, 0, 0, 26),(67208, 6363, 2200, 0, 0, 20),(67208, 6364, 7000, 0, 0, 30),(67208, 6365, 12000, 0, 0, 40),(67208, 6375, 7000, 0, 0, 30),(67208, 6377, 12000, 0, 0, 40),(67208, 6390, 2000, 0, 0, 18),(67208, 6391, 6000, 0, 0, 28),(67208, 6392, 11000, 0, 0, 38),(67208, 6495, 9000, 0, 0, 34),(67208, 8004, 2200, 0, 0, 20),(67208, 8005, 12000, 0, 0, 40),(67208, 8008, 6000, 0, 0, 28),(67208, 8010, 10000, 0, 0, 36),(67208, 8012, 8000, 0, 0, 32),(67208, 8017, 9, 0, 0, 0),(67208, 8018, 100, 0, 0, 8),(67208, 8019, 1800, 0, 0, 16),(67208, 8024, 400, 0, 0, 10),(67208, 8027, 2000, 0, 0, 18),(67208, 8030, 4000, 0, 0, 26),(67208, 8033, 2200, 0, 0, 20),(67208, 8038, 6000, 0, 0, 28),(67208, 8042, 100, 0, 0, 4),(67208, 8044, 100, 0, 0, 8),(67208, 8045, 900, 0, 0, 14),(67208, 8046, 3500, 0, 0, 24),(67208, 8050, 400, 0, 0, 10),(67208, 8052, 2000, 0, 0, 18),(67208, 8053, 6000, 0, 0, 28),(67208, 8056, 2200, 0, 0, 20),(67208, 8058, 9000, 0, 0, 34),(67208, 8071, 3000, 0, 0, 6),(67208, 8075, 400, 0, 0, 10),(67208, 8134, 12000, 0, 0, 40),(67208, 8143, 2000, 0, 0, 18),(67208, 8154, 900, 0, 0, 14),(67208, 8155, 3500, 0, 0, 24),(67208, 8160, 3500, 0, 0, 24),(67208, 8161, 11000, 0, 0, 38),(67208, 8170, 11000, 0, 0, 38),(67208, 8177, 7000, 0, 0, 30),(67208, 8181, 3500, 0, 0, 24),(67208, 8184, 6000, 0, 0, 28),(67208, 8190, 4000, 0, 0, 26),(67208, 8227, 6000, 0, 0, 28),(67208, 8232, 7000, 0, 0, 30),(67208, 8235, 12000, 0, 0, 40),(67208, 8249, 11000, 0, 0, 38),(67208, 8498, 3000, 0, 0, 22),(67208, 8499, 8000, 0, 0, 32),(67208, 8512, 8000, 0, 0, 32),(67208, 8737, 12000, 0, 0, 5),(67208, 10391, 11000, 0, 0, 38),(67208, 10392, 18000, 0, 0, 44),(67208, 10395, 22000, 0, 0, 48),(67208, 10396, 30000, 0, 0, 56),(67208, 10399, 3500, 0, 0, 24),(67208, 10406, 9000, 0, 0, 34),(67208, 10407, 18000, 0, 0, 44),(67208, 10408, 29000, 0, 0, 54),(67208, 10412, 10000, 0, 0, 36),(67208, 10413, 22000, 0, 0, 48),(67208, 10414, 34000, 0, 0, 60),(67208, 10427, 22000, 0, 0, 48),(67208, 10428, 32000, 0, 0, 58),(67208, 10431, 22000, 0, 0, 48),(67208, 10432, 30000, 0, 0, 56),(67208, 10437, 24000, 0, 0, 50),(67208, 10438, 34000, 0, 0, 60),(67208, 10442, 27000, 0, 0, 52),(67208, 10447, 12000, 0, 0, 40),(67208, 10448, 27000, 0, 0, 52),(67208, 10456, 11000, 0, 0, 38),(67208, 10462, 24000, 0, 0, 50),(67208, 10463, 34000, 0, 0, 60),(67208, 10466, 18000, 0, 0, 44),(67208, 10467, 27000, 0, 0, 52),(67208, 10468, 34000, 0, 0, 60),(67208, 10472, 20000, 0, 0, 46),(67208, 10473, 32000, 0, 0, 58),(67208, 10478, 11000, 0, 0, 38),(67208, 10479, 29000, 0, 0, 54),(67208, 10486, 24000, 0, 0, 50),(67208, 10495, 10000, 0, 0, 36),(67208, 10496, 20000, 0, 0, 46),(67208, 10497, 30000, 0, 0, 56),(67208, 10526, 22000, 0, 0, 48),(67208, 10537, 16000, 0, 0, 42),(67208, 10538, 32000, 0, 0, 58),(67208, 10585, 10000, 0, 0, 36),(67208, 10586, 20000, 0, 0, 46),(67208, 10587, 30000, 0, 0, 56),(67208, 10595, 7000, 0, 0, 30),(67208, 10600, 18000, 0, 0, 44),(67208, 10601, 34000, 0, 0, 60),(67208, 10605, 30000, 0, 0, 56),(67208, 10622, 20000, 0, 0, 46),(67208, 10623, 29000, 0, 0, 54),(67208, 11314, 16000, 0, 0, 42),(67208, 11315, 27000, 0, 0, 52),(67208, 15207, 24000, 0, 0, 50),(67208, 15208, 30000, 0, 0, 56),(67208, 16339, 10000, 0, 0, 36),(67208, 16341, 20000, 0, 0, 46),(67208, 16342, 30000, 0, 0, 56),(67208, 16355, 22000, 0, 0, 48),(67208, 16356, 32000, 0, 0, 58),(67208, 16362, 34000, 0, 0, 60),(67208, 16387, 32000, 0, 0, 58),(67208, 20608, 7000, 0, 0, 30),(67208, 20609, 3500, 0, 0, 24),(67208, 20610, 10000, 0, 0, 36),(67208, 20776, 22000, 0, 0, 48),(67208, 20777, 34000, 0, 0, 60),(67208, 24398, 38000, 0, 0, 62),(67208, 25357, 6500, 0, 0, 60),(67208, 25361, 34000, 0, 0, 60),(67208, 25391, 42000, 0, 0, 63),(67208, 25396, 88000, 0, 0, 70),(67208, 25420, 58000, 0, 0, 66),(67208, 25422, 34000, 0, 0, 61),(67208, 25423, 71000, 0, 0, 68),(67208, 25439, 42000, 0, 0, 63),(67208, 25442, 88000, 0, 0, 70),(67208, 25448, 38000, 0, 0, 62),(67208, 25449, 64000, 0, 0, 67),(67208, 25454, 79000, 0, 0, 69),(67208, 25457, 88000, 0, 0, 70),(67208, 25464, 71000, 0, 0, 68),(67208, 25469, 42000, 0, 0, 63),(67208, 25472, 88000, 0, 0, 70),(67208, 25489, 47000, 0, 0, 64),(67208, 25500, 58000, 0, 0, 66),(67208, 25505, 71000, 0, 0, 68),(67208, 25508, 42000, 0, 0, 63),(67208, 25509, 88000, 0, 0, 70),(67208, 25525, 64000, 0, 0, 67),(67208, 25528, 52000, 0, 0, 65),(67208, 25533, 79000, 0, 0, 69),(67208, 25546, 34000, 0, 0, 61),(67208, 25547, 88000, 0, 0, 70),(67208, 25552, 52000, 0, 0, 65),(67208, 25557, 64000, 0, 0, 67),(67208, 25560, 64000, 0, 0, 67),(67208, 25563, 71000, 0, 0, 68),(67208, 25567, 79000, 0, 0, 69),(67208, 25570, 52000, 0, 0, 65),(67208, 25574, 79000, 0, 0, 69),(67208, 25590, 79000, 0, 0, 69),(67208, 29228, 65000, 0, 0, 60),(67208, 32182, 88000, 760, 0, 70),(67208, 32593, 1700, 0, 0, 60),(67208, 32594, 5000, 0, 0, 70),(67208, 33736, 79000, 0, 0, 69),(67208, 36936, 7000, 0, 0, 30),(67208, 49230, 180000, 0, 0, 74),(67208, 49231, 180000, 0, 0, 79),(67208, 49232, 180000, 0, 0, 75),(67208, 49233, 180000, 0, 0, 80),(67208, 49235, 180000, 0, 0, 73),(67208, 49236, 180000, 0, 0, 78),(67208, 49237, 180000, 0, 0, 73),(67208, 49238, 180000, 0, 0, 79),(67208, 49270, 180000, 0, 0, 74),(67208, 49271, 180000, 0, 0, 80),(67208, 49272, 180000, 0, 0, 75),(67208, 49273, 180000, 0, 0, 80),(67208, 49275, 180000, 0, 0, 72),(67208, 49276, 180000, 0, 0, 77),(67208, 49277, 180000, 0, 0, 80),(67208, 49280, 180000, 0, 0, 75),(67208, 49281, 180000, 0, 0, 80),(67208, 49283, 9000, 0, 0, 75),(67208, 49284, 9000, 0, 0, 80),(67208, 51505, 180000, 0, 0, 75),(67208, 51514, 180000, 0, 0, 80),(67208, 51730, 7000, 0, 0, 30),(67208, 51988, 12000, 0, 0, 40),(67208, 51991, 24000, 0, 0, 50),(67208, 51992, 34000, 0, 0, 60),(67208, 51993, 71000, 0, 0, 70),(67208, 51994, 180000, 0, 0, 80),(67208, 52127, 2200, 0, 0, 20),(67208, 52129, 6000, 0, 0, 28),(67208, 52131, 9000, 0, 0, 34),(67208, 52134, 12000, 0, 0, 41),(67208, 52136, 22000, 0, 0, 48),(67208, 52138, 29000, 0, 0, 55),(67208, 55458, 180000, 0, 0, 74),(67208, 55459, 180000, 0, 0, 80),(67208, 57622, 180000, 0, 0, 75),(67208, 57720, 3400, 0, 0, 60),(67208, 57721, 5200, 0, 0, 70),(67208, 57722, 10000, 0, 0, 80),(67208, 57960, 180000, 0, 0, 76),(67208, 57994, 2500, 0, 0, 16),(67208, 58580, 180000, 0, 0, 71),(67208, 58581, 180000, 0, 0, 75),(67208, 58582, 180000, 0, 0, 78),(67208, 58643, 180000, 0, 0, 80),(67208, 58649, 180000, 0, 0, 71),(67208, 58652, 180000, 0, 0, 75),(67208, 58656, 180000, 0, 0, 80),(67208, 58699, 180000, 0, 0, 71),(67208, 58703, 180000, 0, 0, 75),(67208, 58704, 180000, 0, 0, 80),(67208, 58731, 180000, 0, 0, 73),(67208, 58734, 180000, 0, 0, 78),(67208, 58737, 180000, 0, 0, 75),(67208, 58739, 180000, 0, 0, 80),(67208, 58741, 180000, 0, 0, 75),(67208, 58745, 180000, 0, 0, 80),(67208, 58746, 180000, 0, 0, 75),(67208, 58749, 180000, 0, 0, 80),(67208, 58751, 180000, 0, 0, 73),(67208, 58753, 180000, 0, 0, 78),(67208, 58755, 180000, 0, 0, 71),(67208, 58756, 180000, 0, 0, 76),(67208, 58757, 180000, 0, 0, 80),(67208, 58771, 180000, 0, 0, 71),(67208, 58773, 180000, 0, 0, 76),(67208, 58774, 180000, 0, 0, 80),(67208, 58785, 180000, 0, 0, 71),(67208, 58789, 180000, 0, 0, 76),(67208, 58790, 180000, 0, 0, 80),(67208, 58794, 180000, 0, 0, 71),(67208, 58795, 180000, 0, 0, 76),(67208, 58796, 180000, 0, 0, 80),(67208, 58801, 180000, 0, 0, 71),(67208, 58803, 180000, 0, 0, 76),(67208, 58804, 180000, 0, 0, 80),(67208, 59156, 88000, 0, 0, 70),(67208, 59158, 180000, 0, 0, 75),(67208, 59159, 180000, 0, 0, 80),(67208, 60043, 180000, 0, 0, 80),(67208, 61299, 9000, 0, 0, 70),(67208, 61300, 9000, 0, 0, 75),(67208, 61301, 9000, 0, 0, 80),(67208, 61649, 180000, 0, 0, 75),(67208, 61657, 180000, 0, 0, 80),(67208, 66842, 3500, 0, 0, 30),(67208, 66843, 3500, 0, 0, 30),(67208, 66844, 3500, 0, 0, 30),
(67209, 10, 2000, 0, 0, 20),(67209, 66, 96000, 0, 0, 68),(67209, 116, 100, 0, 0, 4),(67209, 118, 200, 0, 0, 8),(67209, 120, 5000, 0, 0, 26),(67209, 122, 400, 0, 0, 10),(67209, 130, 600, 0, 0, 12),(67209, 143, 100, 0, 0, 6),(67209, 145, 600, 0, 0, 12),(67209, 205, 200, 0, 0, 8),(67209, 475, 1800, 0, 0, 18),(67209, 543, 2000, 0, 0, 20),(67209, 587, 100, 0, 0, 6),(67209, 597, 600, 0, 0, 12),(67209, 604, 600, 0, 0, 12),(67209, 759, 7000, 0, 0, 28),(67209, 837, 900, 0, 0, 14),(67209, 865, 5000, 0, 0, 26),(67209, 990, 3000, 0, 0, 22),(67209, 1008, 1800, 0, 0, 18),(67209, 1449, 900, 0, 0, 14),(67209, 1459, 9, 0, 0, 0),(67209, 1460, 900, 0, 0, 14),(67209, 1461, 7000, 0, 0, 28),(67209, 1463, 2000, 0, 0, 20),(67209, 1953, 2000, 0, 0, 20),(67209, 2120, 1500, 0, 0, 16),(67209, 2121, 4000, 0, 0, 24),(67209, 2136, 100, 0, 0, 6),(67209, 2137, 900, 0, 0, 14),(67209, 2138, 3000, 0, 0, 22),(67209, 2139, 4000, 0, 0, 24),(67209, 2948, 3000, 0, 0, 22),(67209, 3140, 1800, 0, 0, 18),(67209, 3552, 14000, 0, 0, 38),(67209, 3561, 2000, 0, 0, 20),(67209, 3562, 2000, 0, 0, 20),(67209, 3565, 8000, 0, 0, 30),(67209, 5143, 200, 0, 0, 8),(67209, 5144, 1500, 0, 0, 16),(67209, 5145, 4000, 0, 0, 24),(67209, 5504, 100, 0, 0, 4),(67209, 5505, 400, 0, 0, 10),(67209, 5506, 2000, 0, 0, 20),(67209, 6117, 13000, 0, 0, 34),(67209, 6127, 8000, 0, 0, 30),(67209, 6129, 10000, 0, 0, 32),(67209, 6131, 15000, 0, 0, 40),(67209, 6141, 7000, 0, 0, 28),(67209, 6143, 3000, 0, 0, 22),(67209, 7300, 400, 0, 0, 10),(67209, 7301, 2000, 0, 0, 20),(67209, 7302, 8000, 0, 0, 30),(67209, 7320, 15000, 0, 0, 40),(67209, 7322, 2000, 0, 0, 20),(67209, 8400, 4000, 0, 0, 24),(67209, 8401, 8000, 0, 0, 30),(67209, 8402, 13000, 0, 0, 36),(67209, 8406, 5000, 0, 0, 26),(67209, 8407, 10000, 0, 0, 32),(67209, 8408, 14000, 0, 0, 38),(67209, 8412, 8000, 0, 0, 30),(67209, 8413, 14000, 0, 0, 38),(67209, 8416, 10000, 0, 0, 32),(67209, 8417, 15000, 0, 0, 40),(67209, 8422, 10000, 0, 0, 32),(67209, 8423, 15000, 0, 0, 40),(67209, 8427, 13000, 0, 0, 36),(67209, 8437, 3000, 0, 0, 22),(67209, 8438, 8000, 0, 0, 30),(67209, 8439, 14000, 0, 0, 38),(67209, 8444, 7000, 0, 0, 28),(67209, 8445, 12000, 0, 0, 34),(67209, 8446, 15000, 0, 0, 40),(67209, 8450, 4000, 0, 0, 24),(67209, 8451, 13000, 0, 0, 36),(67209, 8455, 8000, 0, 0, 30),(67209, 8457, 8000, 0, 0, 30),(67209, 8458, 15000, 0, 0, 40),(67209, 8461, 10000, 0, 0, 32),(67209, 8462, 18000, 0, 0, 42),(67209, 8492, 12000, 0, 0, 34),(67209, 8494, 7000, 0, 0, 28),(67209, 8495, 13000, 0, 0, 36),(67209, 10053, 28000, 0, 0, 48),(67209, 10054, 40000, 0, 0, 58),(67209, 10059, 15000, 0, 0, 40),(67209, 10138, 15000, 0, 0, 40),(67209, 10139, 32000, 0, 0, 50),(67209, 10140, 42000, 0, 0, 60),(67209, 10144, 18000, 0, 0, 42),(67209, 10145, 35000, 0, 0, 52),(67209, 10148, 18000, 0, 0, 42),(67209, 10149, 28000, 0, 0, 48),(67209, 10150, 36000, 0, 0, 54),(67209, 10151, 42000, 0, 0, 60),(67209, 10156, 18000, 0, 0, 42),(67209, 10157, 38000, 0, 0, 56),(67209, 10159, 18000, 0, 0, 42),(67209, 10160, 32000, 0, 0, 50),(67209, 10161, 40000, 0, 0, 58),(67209, 10169, 18000, 0, 0, 42),(67209, 10170, 36000, 0, 0, 54),(67209, 10173, 28000, 0, 0, 48),(67209, 10174, 42000, 0, 0, 60),(67209, 10177, 35000, 0, 0, 52),(67209, 10179, 23000, 0, 0, 44),(67209, 10180, 32000, 0, 0, 50),(67209, 10181, 38000, 0, 0, 56),(67209, 10185, 23000, 0, 0, 44),(67209, 10186, 35000, 0, 0, 52),(67209, 10187, 42000, 0, 0, 60),(67209, 10191, 23000, 0, 0, 44),(67209, 10192, 35000, 0, 0, 52),(67209, 10193, 42000, 0, 0, 60),(67209, 10197, 26000, 0, 0, 46),(67209, 10199, 36000, 0, 0, 54),(67209, 10201, 26000, 0, 0, 46),(67209, 10202, 36000, 0, 0, 54),(67209, 10205, 26000, 0, 0, 46),(67209, 10206, 35000, 0, 0, 52),(67209, 10207, 40000, 0, 0, 58),(67209, 10211, 28000, 0, 0, 48),(67209, 10212, 38000, 0, 0, 56),(67209, 10215, 28000, 0, 0, 48),(67209, 10216, 38000, 0, 0, 56),(67209, 10219, 32000, 0, 0, 50),(67209, 10220, 42000, 0, 0, 60),(67209, 10223, 32000, 0, 0, 50),(67209, 10225, 42000, 0, 0, 60),(67209, 10230, 36000, 0, 0, 54),(67209, 11416, 15000, 0, 0, 40),(67209, 12051, 2000, 0, 0, 20),(67209, 12505, 100, 0, 0, 24),(67209, 12522, 400, 0, 0, 30),(67209, 12523, 650, 0, 0, 36),(67209, 12524, 900, 0, 0, 42),(67209, 12525, 1400, 0, 0, 48),(67209, 12526, 1800, 0, 0, 54),(67209, 12824, 2000, 0, 0, 20),(67209, 12825, 15000, 0, 0, 40),(67209, 12826, 42000, 0, 0, 60),(67209, 13018, 400, 0, 0, 36),(67209, 13019, 1150, 0, 0, 44),(67209, 13020, 1750, 0, 0, 52),(67209, 13021, 2100, 0, 0, 60),(67209, 13031, 1700, 0, 0, 46),(67209, 13032, 1900, 0, 0, 52),(67209, 13033, 2100, 0, 0, 58),(67209, 18809, 2100, 0, 0, 60),(67209, 22782, 28000, 0, 0, 46),(67209, 22783, 40000, 0, 0, 58),(67209, 23028, 38000, 0, 0, 56),(67209, 25304, 42000, 0, 0, 60),(67209, 25306, 42000, 0, 0, 62),(67209, 25345, 42000, 0, 0, 60),(67209, 27070, 78000, 0, 0, 66),(67209, 27071, 57000, 0, 0, 63),(67209, 27072, 110000, 0, 0, 69),(67209, 27073, 70000, 0, 0, 65),(67209, 27074, 120000, 0, 0, 70),(67209, 27075, 57000, 0, 0, 63),(67209, 27078, 46000, 0, 0, 61),(67209, 27079, 120000, 0, 0, 70),(67209, 27080, 51000, 0, 0, 62),(67209, 27082, 120000, 0, 0, 70),(67209, 27085, 96000, 0, 0, 68),(67209, 27086, 63000, 0, 0, 64),(67209, 27087, 70000, 0, 0, 65),(67209, 27088, 87000, 0, 0, 67),(67209, 27090, 150000, 0, 0, 70),(67209, 27101, 96000, 0, 0, 68),(67209, 27124, 110000, 0, 0, 69),(67209, 27125, 110000, 0, 0, 69),(67209, 27126, 120000, 0, 0, 70),(67209, 27127, 100000, 0, 0, 70),(67209, 27128, 110000, 0, 0, 69),(67209, 27130, 57000, 0, 0, 63),(67209, 27131, 96000, 0, 0, 68),(67209, 27132, 3900, 0, 0, 66),(67209, 27133, 3500, 0, 0, 65),(67209, 27134, 2500, 0, 0, 64),(67209, 28609, 42000, 0, 0, 60),(67209, 28612, 42000, 0, 0, 60),(67209, 30449, 120000, 0, 0, 70),(67209, 30451, 63000, 0, 0, 64),(67209, 30455, 78000, 0, 0, 66),(67209, 30482, 51000, 0, 0, 62),(67209, 32796, 120000, 0, 0, 70),(67209, 33041, 1900, 0, 0, 56),(67209, 33042, 2200, 0, 0, 64),(67209, 33043, 2500, 0, 0, 70),(67209, 33405, 6000, 0, 0, 70),(67209, 33717, 150000, 0, 0, 70),(67209, 33933, 6000, 0, 0, 70),(67209, 33938, 7500, 0, 0, 70),(67209, 33944, 100000, 0, 0, 67),(67209, 33946, 110000, 0, 0, 69),(67209, 37420, 70000, 0, 0, 65),(67209, 38692, 150000, 0, 0, 70),(67209, 38697, 150000, 0, 0, 70),(67209, 38699, 87000, 0, 0, 69),(67209, 38704, 100000, 0, 0, 70),(67209, 42832, 150000, 0, 0, 74),(67209, 42833, 150000, 0, 0, 78),(67209, 42841, 150000, 0, 0, 75),(67209, 42842, 150000, 0, 0, 79),(67209, 42843, 150000, 0, 0, 75),(67209, 42846, 150000, 0, 0, 79),(67209, 42858, 150000, 0, 0, 73),(67209, 42859, 150000, 0, 0, 78),(67209, 42872, 150000, 0, 0, 74),(67209, 42873, 150000, 0, 0, 80),(67209, 42890, 7500, 0, 0, 73),(67209, 42891, 7500, 0, 0, 77),(67209, 42894, 150000, 0, 0, 71),(67209, 42896, 150000, 0, 0, 76),(67209, 42897, 150000, 0, 0, 80),(67209, 42913, 150000, 0, 0, 72),(67209, 42914, 150000, 0, 0, 78),(67209, 42917, 150000, 0, 0, 75),(67209, 42920, 150000, 0, 0, 76),(67209, 42921, 150000, 0, 0, 80),(67209, 42925, 150000, 0, 0, 72),(67209, 42926, 150000, 0, 0, 79),(67209, 42930, 150000, 0, 0, 72),(67209, 42931, 150000, 0, 0, 79),(67209, 42939, 150000, 0, 0, 74),(67209, 42940, 150000, 0, 0, 80),(67209, 42944, 7500, 0, 0, 75),(67209, 42945, 7500, 0, 0, 80),(67209, 42949, 7500, 0, 0, 75),(67209, 42950, 7500, 0, 0, 80),(67209, 42955, 150000, 0, 0, 75),(67209, 42956, 150000, 0, 0, 80),(67209, 42985, 150000, 0, 0, 77),(67209, 42995, 150000, 0, 0, 80),(67209, 43002, 150000, 0, 0, 80),(67209, 43008, 150000, 0, 0, 79),(67209, 43010, 150000, 0, 0, 78),(67209, 43012, 150000, 0, 0, 79),(67209, 43015, 150000, 0, 0, 76),(67209, 43017, 150000, 0, 0, 77),(67209, 43019, 150000, 0, 0, 73),(67209, 43020, 150000, 0, 0, 79),(67209, 43023, 150000, 0, 0, 71),(67209, 43024, 150000, 0, 0, 79),(67209, 43038, 7500, 0, 0, 75),(67209, 43039, 7500, 0, 0, 80),(67209, 43045, 150000, 0, 0, 71),(67209, 43046, 150000, 0, 0, 79),(67209, 43987, 120000, 0, 0, 70),(67209, 44614, 150000, 0, 0, 75),(67209, 44780, 10000, 0, 0, 70),(67209, 44781, 15000, 0, 0, 80),(67209, 45438, 8000, 0, 0, 30),(67209, 47610, 150000, 0, 0, 80),(67209, 55342, 150000, 0, 0, 80),(67209, 55359, 5000, 0, 0, 70),(67209, 55360, 7500, 0, 0, 80),(67209, 58659, 150000, 0, 0, 80),
(67210, 126, 2500, 0, 0, 22),(67210, 132, 4000, 0, 0, 26),(67210, 172, 100, 0, 0, 4),(67210, 348, 9, 0, 0, 0),(67210, 603, 26000, 0, 0, 60),(67210, 689, 900, 0, 0, 14),(67210, 691, 2500, 0, 0, 30),(67210, 693, 1500, 0, 0, 18),(67210, 695, 100, 0, 0, 6),(67210, 696, 300, 0, 0, 10),(67210, 698, 2000, 0, 0, 20),(67210, 699, 2500, 0, 0, 22),(67210, 702, 100, 0, 0, 4),(67210, 705, 600, 0, 0, 12),(67210, 706, 2000, 0, 0, 20),(67210, 707, 300, 0, 0, 10),(67210, 709, 6000, 0, 0, 30),(67210, 710, 5000, 0, 0, 28),(67210, 712, 2000, 0, 0, 20),(67210, 755, 600, 0, 0, 12),(67210, 980, 200, 0, 0, 8),(67210, 1014, 1500, 0, 0, 18),(67210, 1086, 6000, 0, 0, 30),(67210, 1088, 2000, 0, 0, 20),(67210, 1094, 2000, 0, 0, 20),(67210, 1098, 6000, 0, 0, 30),(67210, 1106, 5000, 0, 0, 28),(67210, 1108, 600, 0, 0, 12),(67210, 1120, 300, 0, 0, 10),(67210, 1454, 100, 0, 0, 6),(67210, 1455, 1200, 0, 0, 16),(67210, 1456, 4000, 0, 0, 26),(67210, 1490, 7000, 0, 0, 32),(67210, 1710, 10000, 0, 0, 30),(67210, 1714, 4000, 0, 0, 26),(67210, 1949, 6000, 0, 0, 30),(67210, 2362, 9000, 0, 0, 36),(67210, 2941, 6000, 0, 0, 30),(67210, 3698, 2000, 0, 0, 20),(67210, 3699, 5000, 0, 0, 28),(67210, 3700, 9000, 0, 0, 36),(67210, 5138, 3000, 0, 0, 24),(67210, 5484, 11000, 0, 0, 40),(67210, 5500, 3000, 0, 0, 24),(67210, 5676, 1500, 0, 0, 18),(67210, 5697, 1200, 0, 0, 16),(67210, 5699, 8000, 0, 0, 34),(67210, 5740, 2000, 0, 0, 20),(67210, 5782, 200, 0, 0, 8),(67210, 5784, 10000, 0, 0, 30),(67210, 6201, 300, 0, 0, 10),(67210, 6202, 2500, 0, 0, 22),(67210, 6205, 2500, 0, 0, 22),(67210, 6213, 7000, 0, 0, 32),(67210, 6215, 22000, 0, 0, 56),(67210, 6217, 5000, 0, 0, 28),(67210, 6219, 8000, 0, 0, 34),(67210, 6222, 900, 0, 0, 14),(67210, 6223, 3000, 0, 0, 24),(67210, 6229, 7000, 0, 0, 32),(67210, 6353, 14000, 0, 0, 48),(67210, 6366, 5000, 0, 0, 28),(67210, 6789, 11000, 0, 0, 42),(67210, 7641, 9000, 0, 0, 36),(67210, 7646, 7000, 0, 0, 32),(67210, 7648, 8000, 0, 0, 34),(67210, 7651, 10000, 0, 0, 38),(67210, 8288, 3000, 0, 0, 24),(67210, 8289, 10000, 0, 0, 38),(67210, 11659, 12000, 0, 0, 44),(67210, 11660, 18000, 0, 0, 52),(67210, 11661, 26000, 0, 0, 60),(67210, 11665, 11000, 0, 0, 40),(67210, 11667, 15000, 0, 0, 50),(67210, 11668, 26000, 0, 0, 60),(67210, 11671, 12000, 0, 0, 44),(67210, 11672, 20000, 0, 0, 54),(67210, 11675, 18000, 0, 0, 52),(67210, 11677, 13000, 0, 0, 46),(67210, 11678, 24000, 0, 0, 58),(67210, 11683, 11000, 0, 0, 42),(67210, 11684, 20000, 0, 0, 54),(67210, 11687, 8100, 0, 0, 36),(67210, 11688, 11700, 0, 0, 46),(67210, 11689, 19800, 0, 0, 56),(67210, 11693, 12000, 0, 0, 44),(67210, 11694, 18000, 0, 0, 52),(67210, 11695, 26000, 0, 0, 60),(67210, 11699, 13000, 0, 0, 46),(67210, 11700, 20000, 0, 0, 54),(67210, 11707, 11000, 0, 0, 42),(67210, 11708, 18000, 0, 0, 52),(67210, 11711, 10000, 0, 0, 38),(67210, 11712, 14000, 0, 0, 48),(67210, 11713, 24000, 0, 0, 58),(67210, 11719, 15000, 0, 0, 50),(67210, 11721, 13000, 0, 0, 46),(67210, 11722, 26000, 0, 0, 60),(67210, 11725, 12000, 0, 0, 44),(67210, 11726, 24000, 0, 0, 58),(67210, 11729, 13000, 0, 0, 46),(67210, 11730, 24000, 0, 0, 58),(67210, 11733, 11000, 0, 0, 40),(67210, 11734, 15000, 0, 0, 50),(67210, 11735, 26000, 0, 0, 60),(67210, 11739, 11000, 0, 0, 42),(67210, 11740, 18000, 0, 0, 52),(67210, 17727, 14000, 0, 0, 48),(67210, 17728, 26000, 0, 0, 60),(67210, 17919, 4000, 0, 0, 26),(67210, 17920, 8000, 0, 0, 34),(67210, 17921, 11000, 0, 0, 42),(67210, 17922, 15000, 0, 0, 50),(67210, 17923, 24000, 0, 0, 58),(67210, 17924, 22000, 0, 0, 56),(67210, 17925, 15000, 0, 0, 50),(67210, 17926, 24000, 0, 0, 58),(67210, 17928, 20000, 0, 0, 54),(67210, 17951, 9000, 0, 0, 36),(67210, 17952, 13000, 0, 0, 46),(67210, 17953, 22000, 0, 0, 56),(67210, 18647, 14000, 0, 0, 48),(67210, 18867, 150, 0, 0, 24),(67210, 18868, 350, 0, 0, 32),(67210, 18869, 550, 0, 0, 40),(67210, 18870, 700, 0, 0, 48),(67210, 18871, 1100, 0, 0, 56),(67210, 18937, 750, 0, 0, 50),(67210, 18938, 1300, 0, 0, 60),(67210, 20752, 6000, 0, 0, 30),(67210, 20755, 11000, 0, 0, 40),(67210, 20756, 15000, 0, 0, 50),(67210, 20757, 26000, 0, 0, 60),(67210, 23161, 200000, 0, 150, 61),(67210, 25307, 26000, 0, 0, 62),(67210, 25309, 26000, 0, 0, 60),(67210, 25311, 26000, 0, 0, 60),(67210, 27209, 70000, 0, 0, 69),(67210, 27210, 46000, 0, 0, 65),(67210, 27211, 42000, 0, 0, 64),(67210, 27212, 70000, 0, 0, 69),(67210, 27213, 63000, 0, 0, 68),(67210, 27215, 70000, 0, 0, 69),(67210, 27216, 46000, 0, 0, 65),(67210, 27217, 57000, 0, 0, 67),(67210, 27218, 57000, 0, 0, 67),(67210, 27219, 30000, 0, 0, 62),(67210, 27220, 70000, 0, 0, 69),(67210, 27222, 56700, 0, 0, 68),(67210, 27223, 63000, 0, 0, 68),(67210, 27224, 30000, 0, 0, 61),(67210, 27228, 70000, 0, 0, 69),(67210, 27230, 63000, 0, 0, 68),(67210, 27238, 78000, 0, 0, 70),(67210, 27243, 78000, 0, 0, 70),(67210, 27250, 51000, 0, 0, 66),(67210, 27259, 57000, 0, 0, 67),(67210, 27260, 78000, 0, 0, 70),(67210, 27263, 1300, 0, 0, 63),(67210, 27265, 1300, 0, 0, 70),(67210, 28172, 51000, 0, 0, 66),(67210, 28176, 34000, 0, 0, 62),(67210, 28189, 70000, 0, 0, 69),(67210, 28610, 34000, 0, 0, 60),(67210, 29722, 42000, 0, 0, 64),(67210, 29858, 51000, 0, 0, 66),(67210, 29893, 63000, 0, 0, 68),(67210, 30404, 2500, 0, 0, 60),(67210, 30405, 2500, 0, 0, 70),(67210, 30413, 2500, 0, 0, 60),(67210, 30414, 2500, 0, 0, 70),(67210, 30459, 78000, 0, 0, 70),(67210, 30545, 78000, 0, 0, 70),(67210, 30546, 3900, 0, 0, 70),(67210, 30909, 70000, 0, 0, 69),(67210, 30910, 78000, 0, 0, 70),(67210, 32231, 78000, 0, 0, 70),(67210, 47793, 160000, 0, 0, 76),(67210, 47808, 160000, 0, 0, 74),(67210, 47809, 160000, 0, 0, 79),(67210, 47810, 160000, 0, 0, 75),(67210, 47811, 160000, 0, 0, 80),(67210, 47812, 160000, 0, 0, 71),(67210, 47813, 160000, 0, 0, 77),(67210, 47814, 160000, 0, 0, 74),(67210, 47815, 160000, 0, 0, 79),(67210, 47819, 160000, 0, 0, 72),(67210, 47820, 160000, 0, 0, 79),(67210, 47823, 160000, 0, 0, 78),(67210, 47824, 160000, 0, 0, 75),(67210, 47825, 160000, 0, 0, 80),(67210, 47826, 8000, 0, 0, 75),(67210, 47827, 8000, 0, 0, 80),(67210, 47835, 160000, 0, 0, 75),(67210, 47836, 160000, 0, 0, 80),(67210, 47837, 100000, 0, 0, 74),(67210, 47838, 100000, 0, 0, 80),(67210, 47841, 8000, 0, 0, 75),(67210, 47843, 8000, 0, 0, 80),(67210, 47846, 8000, 0, 0, 75),(67210, 47847, 8000, 0, 0, 80),(67210, 47855, 160000, 0, 0, 77),(67210, 47856, 160000, 0, 0, 76),(67210, 47857, 160000, 0, 0, 78),(67210, 47859, 160000, 0, 0, 73),(67210, 47860, 160000, 0, 0, 78),(67210, 47863, 160000, 0, 0, 73),(67210, 47864, 160000, 0, 0, 79),(67210, 47865, 160000, 0, 0, 78),(67210, 47867, 160000, 0, 0, 80),(67210, 47871, 160000, 0, 0, 73),(67210, 47878, 160000, 0, 0, 79),(67210, 47884, 160000, 0, 0, 76),(67210, 47886, 160000, 0, 0, 72),(67210, 47888, 160000, 0, 0, 78),(67210, 47889, 160000, 0, 0, 80),(67210, 47890, 160000, 0, 0, 72),(67210, 47891, 160000, 0, 0, 78),(67210, 47892, 160000, 0, 0, 74),(67210, 47893, 160000, 0, 0, 79),(67210, 47897, 10000, 0, 0, 75),(67210, 48018, 160000, 0, 0, 80),(67210, 48020, 160000, 0, 0, 80),(67210, 50511, 160000, 0, 0, 71),(67210, 57946, 160000, 0, 0, 80),(67210, 58887, 160000, 0, 0, 80),(67210, 59092, 160000, 0, 0, 80),(67210, 59161, 2500, 0, 0, 70),(67210, 59163, 8000, 0, 0, 75),(67210, 59164, 8000, 0, 0, 80),(67210, 59170, 2500, 0, 0, 70),(67210, 59171, 8000, 0, 0, 75),(67210, 59172, 8000, 0, 0, 80),(67210, 60219, 160000, 0, 0, 74),(67210, 60220, 160000, 0, 0, 80),(67210, 61191, 70000, 0, 0, 72),(67210, 61290, 10000, 0, 0, 80),
(67211, 99, 300, 0, 0, 10),(67211, 339, 200, 0, 0, 8),(67211, 467, 100, 0, 0, 6),(67211, 740, 6000, 0, 0, 30),(67211, 768, 2000, 0, 0, 20),(67211, 769, 10000, 0, 0, 34),(67211, 770, 1900, 0, 0, 18),(67211, 774, 100, 0, 0, 4),(67211, 779, 1800, 0, 0, 16),(67211, 780, 4000, 0, 0, 24),(67211, 782, 900, 0, 0, 14),(67211, 783, 6000, 0, 0, 30),(67211, 1058, 300, 0, 0, 10),(67211, 1062, 1900, 0, 0, 18),(67211, 1066, 1600, 0, 0, 16),(67211, 1075, 4000, 0, 0, 24),(67211, 1079, 2000, 0, 0, 20),(67211, 1082, 2000, 0, 0, 20),(67211, 1126, 10, 0, 0, 0),(67211, 1430, 1800, 0, 0, 16),(67211, 1735, 2000, 0, 0, 20),(67211, 1822, 4000, 0, 0, 24),(67211, 1823, 10000, 0, 0, 34),(67211, 1824, 18000, 0, 0, 44),(67211, 1850, 4500, 0, 0, 26),(67211, 2090, 3000, 0, 0, 22),(67211, 2091, 5000, 0, 0, 28),(67211, 2637, 1900, 0, 0, 18),(67211, 2782, 4000, 0, 0, 24),(67211, 2893, 4500, 0, 0, 26),(67211, 2908, 3000, 0, 0, 22),(67211, 2912, 2000, 0, 0, 20),(67211, 3029, 5000, 0, 0, 28),(67211, 3627, 10000, 0, 0, 34),(67211, 5177, 100, 0, 0, 6),(67211, 5178, 900, 0, 0, 14),(67211, 5179, 3000, 0, 0, 22),(67211, 5180, 6000, 0, 0, 30),(67211, 5186, 200, 0, 0, 8),(67211, 5187, 900, 0, 0, 14),(67211, 5188, 2000, 0, 0, 20),(67211, 5189, 4500, 0, 0, 26),(67211, 5195, 5000, 0, 0, 28),(67211, 5196, 12000, 0, 0, 38),(67211, 5201, 12000, 0, 0, 38),(67211, 5209, 5000, 0, 0, 28),(67211, 5211, 900, 0, 0, 14),(67211, 5215, 2000, 0, 0, 20),(67211, 5217, 4000, 0, 0, 24),(67211, 5221, 3000, 0, 0, 22),(67211, 5225, 8000, 0, 0, 32),(67211, 5229, 800, 0, 0, 12),(67211, 5232, 300, 0, 0, 10),(67211, 5234, 6000, 0, 0, 30),(67211, 6756, 2000, 0, 0, 20),(67211, 6778, 8000, 0, 0, 32),(67211, 6780, 12000, 0, 0, 38),(67211, 6783, 14000, 0, 0, 40),(67211, 6785, 8000, 0, 0, 32),(67211, 6787, 16000, 0, 0, 42),(67211, 6793, 11000, 0, 0, 36),(67211, 6795, 6000, 0, 0, 10),(67211, 6798, 6000, 0, 0, 30),(67211, 6800, 6000, 0, 0, 30),(67211, 6807, 1500, 0, 0, 10),(67211, 6808, 1900, 0, 0, 18),(67211, 6809, 4500, 0, 0, 26),(67211, 8903, 12000, 0, 0, 38),(67211, 8905, 20000, 0, 0, 46),(67211, 8907, 14000, 0, 0, 40),(67211, 8910, 14000, 0, 0, 40),(67211, 8914, 10000, 0, 0, 34),(67211, 8918, 14000, 0, 0, 40),(67211, 8921, 100, 0, 0, 4),(67211, 8924, 300, 0, 0, 10),(67211, 8925, 1800, 0, 0, 16),(67211, 8926, 3000, 0, 0, 22),(67211, 8927, 5000, 0, 0, 28),(67211, 8928, 10000, 0, 0, 34),(67211, 8929, 14000, 0, 0, 40),(67211, 8936, 800, 0, 0, 12),(67211, 8938, 1900, 0, 0, 18),(67211, 8939, 4000, 0, 0, 24),(67211, 8940, 6000, 0, 0, 30),(67211, 8941, 11000, 0, 0, 36),(67211, 8949, 4500, 0, 0, 26),(67211, 8950, 10000, 0, 0, 34),(67211, 8951, 16000, 0, 0, 42),(67211, 8955, 12000, 0, 0, 38),(67211, 8972, 10000, 0, 0, 34),(67211, 8983, 20000, 0, 0, 46),(67211, 8992, 12000, 0, 0, 38),(67211, 8998, 5000, 0, 0, 28),(67211, 9000, 14000, 0, 0, 40),(67211, 9005, 11000, 0, 0, 36),(67211, 9490, 8000, 0, 0, 32),(67211, 9492, 5000, 0, 0, 28),(67211, 9493, 11000, 0, 0, 36),(67211, 9634, 14000, 0, 0, 40),(67211, 9745, 16000, 0, 0, 42),(67211, 9747, 16000, 0, 0, 42),(67211, 9750, 16000, 0, 0, 42),(67211, 9752, 18000, 0, 0, 44),(67211, 9754, 18000, 0, 0, 44),(67211, 9756, 18000, 0, 0, 44),(67211, 9758, 18000, 0, 0, 44),(67211, 9821, 20000, 0, 0, 46),(67211, 9823, 20000, 0, 0, 46),(67211, 9827, 30000, 0, 0, 56),(67211, 9829, 20000, 0, 0, 46),(67211, 9830, 28000, 0, 0, 54),(67211, 9833, 20000, 0, 0, 46),(67211, 9834, 26000, 0, 0, 52),(67211, 9835, 32000, 0, 0, 58),(67211, 9839, 20000, 0, 0, 46),(67211, 9840, 26000, 0, 0, 52),(67211, 9841, 32000, 0, 0, 58),(67211, 9845, 22000, 0, 0, 48),(67211, 9846, 34000, 0, 0, 60),(67211, 9849, 22000, 0, 0, 48),(67211, 9850, 32000, 0, 0, 58),(67211, 9852, 22000, 0, 0, 48),(67211, 9853, 32000, 0, 0, 58),(67211, 9856, 22000, 0, 0, 48),(67211, 9857, 28000, 0, 0, 54),(67211, 9858, 34000, 0, 0, 60),(67211, 9862, 23000, 0, 0, 50),(67211, 9863, 34000, 0, 0, 60),(67211, 9866, 23000, 0, 0, 50),(67211, 9867, 32000, 0, 0, 58),(67211, 9875, 23000, 0, 0, 50),(67211, 9876, 32000, 0, 0, 58),(67211, 9880, 23000, 0, 0, 50),(67211, 9881, 32000, 0, 0, 58),(67211, 9884, 23000, 0, 0, 50),(67211, 9885, 34000, 0, 0, 60),(67211, 9888, 23000, 0, 0, 50),(67211, 9889, 30000, 0, 0, 56),(67211, 9892, 26000, 0, 0, 52),(67211, 9894, 26000, 0, 0, 52),(67211, 9896, 34000, 0, 0, 60),(67211, 9898, 26000, 0, 0, 52),(67211, 9901, 28000, 0, 0, 54),(67211, 9904, 28000, 0, 0, 54),(67211, 9908, 28000, 0, 0, 54),(67211, 9910, 28000, 0, 0, 54),(67211, 9912, 28000, 0, 0, 54),(67211, 9913, 34000, 0, 0, 60),(67211, 16689, 300, 0, 0, 10),(67211, 16810, 1900, 0, 0, 18),(67211, 16811, 5000, 0, 0, 28),(67211, 16812, 12000, 0, 0, 38),(67211, 16813, 22000, 0, 0, 48),(67211, 16857, 1900, 0, 0, 18),(67211, 16914, 14000, 0, 0, 40),(67211, 17329, 32000, 0, 0, 58),(67211, 17401, 23000, 0, 0, 50),(67211, 17402, 34000, 0, 0, 60),(67211, 18657, 12000, 0, 0, 38),(67211, 18658, 32000, 0, 0, 58),(67211, 20484, 2000, 0, 0, 20),(67211, 20719, 14000, 0, 0, 40),(67211, 20739, 6000, 0, 0, 30),(67211, 20742, 14000, 0, 0, 40),(67211, 20747, 23000, 0, 0, 50),(67211, 20748, 34000, 0, 0, 60),(67211, 21849, 23000, 0, 0, 50),(67211, 21850, 34000, 0, 0, 60),(67211, 22568, 8000, 0, 0, 32),(67211, 22570, 43000, 0, 0, 62),(67211, 22812, 18000, 0, 0, 44),(67211, 22827, 14000, 0, 0, 40),(67211, 22828, 22000, 0, 0, 48),(67211, 22829, 30000, 0, 0, 56),(67211, 22842, 11000, 0, 0, 36),(67211, 24248, 48000, 0, 0, 63),(67211, 24974, 6000, 0, 0, 30),(67211, 24975, 14000, 0, 0, 40),(67211, 24976, 12000, 0, 0, 50),(67211, 24977, 34000, 0, 0, 60),(67211, 25297, 34000, 0, 0, 60),(67211, 25298, 34000, 0, 0, 60),(67211, 25299, 34000, 0, 0, 60),(67211, 26978, 43000, 0, 0, 62),(67211, 26979, 90000, 0, 0, 69),(67211, 26980, 59000, 0, 0, 65),(67211, 26981, 48000, 0, 0, 63),(67211, 26982, 90000, 0, 0, 69),(67211, 26983, 100000, 0, 0, 70),(67211, 26984, 39000, 0, 0, 61),(67211, 26985, 90000, 0, 0, 69),(67211, 26986, 73000, 0, 0, 67),(67211, 26987, 48000, 0, 0, 63),(67211, 26988, 100000, 0, 0, 70),(67211, 26989, 81000, 0, 0, 68),(67211, 26990, 100000, 0, 0, 70),(67211, 26991, 100000, 0, 0, 70),(67211, 26992, 53000, 0, 0, 64),(67211, 26994, 90000, 0, 0, 69),(67211, 26995, 100000, 0, 0, 70),(67211, 26996, 73000, 0, 0, 67),(67211, 26997, 53000, 0, 0, 64),(67211, 26998, 43000, 0, 0, 62),(67211, 27000, 73000, 0, 0, 67),(67211, 27001, 39000, 0, 0, 61),(67211, 27002, 100000, 0, 0, 70),(67211, 27003, 53000, 0, 0, 64),(67211, 27004, 90000, 0, 0, 69),(67211, 27005, 66000, 0, 0, 66),(67211, 27006, 66000, 0, 0, 66),(67211, 27008, 73000, 0, 0, 67),(67211, 27009, 81000, 0, 0, 68),(67211, 27012, 100000, 0, 0, 70),(67211, 27013, 200000, 0, 0, 70),(67211, 29166, 14000, 0, 0, 40),(67211, 31018, 30000, 0, 0, 60),(67211, 31709, 34000, 0, 0, 60),(67211, 33357, 59000, 0, 0, 65),(67211, 33745, 66000, 0, 0, 66),(67211, 33763, 53000, 0, 0, 64),(67211, 33786, 100000, 0, 0, 70),(67211, 33943, 81000, 762, 150, 68),(67211, 33982, 1700, 0, 0, 58),(67211, 33983, 1700, 0, 0, 68),(67211, 33986, 1700, 0, 0, 58),(67211, 33987, 1900, 0, 0, 68),(67211, 40120, 200000, 762, 300, 71),(67211, 48377, 200000, 0, 0, 74),(67211, 48378, 200000, 0, 0, 79),(67211, 48440, 200000, 0, 0, 75),(67211, 48441, 200000, 0, 0, 80),(67211, 48442, 200000, 0, 0, 71),(67211, 48443, 200000, 0, 0, 77),(67211, 48446, 200000, 0, 0, 75),(67211, 48447, 200000, 0, 0, 80),(67211, 48450, 200000, 0, 0, 72),(67211, 48451, 200000, 0, 0, 80),(67211, 48459, 200000, 0, 0, 74),(67211, 48461, 200000, 0, 0, 79),(67211, 48462, 200000, 0, 0, 75),(67211, 48463, 200000, 0, 0, 80),(67211, 48464, 200000, 0, 0, 72),(67211, 48465, 200000, 0, 0, 78),(67211, 48467, 200000, 0, 0, 80),(67211, 48468, 200000, 0, 0, 80),(67211, 48469, 200000, 0, 0, 80),(67211, 48470, 200000, 0, 0, 80),(67211, 48477, 200000, 0, 0, 79),(67211, 48479, 200000, 0, 0, 73),(67211, 48480, 200000, 0, 0, 79),(67211, 48559, 200000, 0, 0, 71),(67211, 48560, 200000, 0, 0, 77),(67211, 48561, 200000, 0, 0, 72),(67211, 48562, 200000, 0, 0, 77),(67211, 48563, 10000, 0, 0, 75),(67211, 48564, 10000, 0, 0, 80),(67211, 48565, 10000, 0, 0, 75),(67211, 48566, 10000, 0, 0, 80),(67211, 48567, 200000, 0, 0, 73),(67211, 48568, 200000, 0, 0, 80),(67211, 48569, 200000, 0, 0, 73),(67211, 48570, 200000, 0, 0, 79),(67211, 48571, 200000, 0, 0, 75),(67211, 48572, 200000, 0, 0, 80),(67211, 48573, 200000, 0, 0, 72),(67211, 48574, 200000, 0, 0, 78),(67211, 48575, 200000, 0, 0, 76),(67211, 48576, 200000, 0, 0, 72),(67211, 48577, 200000, 0, 0, 78),(67211, 48578, 200000, 0, 0, 73),(67211, 48579, 200000, 0, 0, 79),(67211, 49799, 200000, 0, 0, 71),(67211, 49800, 200000, 0, 0, 80),(67211, 49802, 200000, 0, 0, 74),(67211, 49803, 200000, 0, 0, 77),(67211, 50212, 200000, 0, 0, 71),(67211, 50213, 200000, 0, 0, 79),(67211, 50464, 200000, 0, 0, 80),(67211, 50763, 200000, 0, 0, 80),(67211, 50764, 90000, 0, 0, 69),(67211, 50765, 34000, 0, 0, 60),(67211, 50766, 22000, 0, 0, 48),(67211, 50767, 11000, 0, 0, 36),(67211, 50768, 4000, 0, 0, 24),(67211, 50769, 800, 0, 0, 12),(67211, 52610, 200000, 0, 0, 75),(67211, 53199, 10000, 0, 0, 70),(67211, 53200, 10000, 0, 0, 75),(67211, 53201, 10000, 0, 0, 80),(67211, 53223, 600, 0, 0, 60),(67211, 53225, 1700, 0, 0, 70),(67211, 53226, 10000, 0, 0, 75),(67211, 53248, 1700, 0, 0, 70),(67211, 53249, 10000, 0, 0, 75),(67211, 53251, 10000, 0, 0, 80),(67211, 53307, 200000, 0, 0, 74),(67211, 53308, 200000, 0, 0, 78),(67211, 53312, 200000, 0, 0, 78),(67211, 61384, 10000, 0, 0, 80),(67211, 62078, 200000, 0, 0, 71),(67211, 62600, 4500, 0, 0, 40);

-- 달라란 선공몹 수정
UPDATE `creature_template` SET `flags_extra`='2' WHERE `entry` = 32664;
UPDATE `creature_template` SET `unit_flags`='2',`flags_extra`='2' WHERE `entry` IN (36776,32540);

-- 커스텀 아이템
DELETE FROM `item_template` WHERE `entry` IN (29041);
INSERT INTO `item_template` (`entry`, `class`, `subclass`, `unk0`, `name`, `displayid`, `Quality`, `Flags`, `FlagsExtra`, `BuyCount`, `BuyPrice`, `SellPrice`, `InventoryType`, `AllowableClass`, `AllowableRace`, `ItemLevel`, `RequiredLevel`, `RequiredSkill`, `RequiredSkillRank`, `requiredspell`, `requiredhonorrank`, `RequiredCityRank`, `RequiredReputationFaction`, `RequiredReputationRank`, `maxcount`, `stackable`, `ContainerSlots`, `StatsCount`, `stat_type1`, `stat_value1`, `stat_type2`, `stat_value2`, `stat_type3`, `stat_value3`, `stat_type4`, `stat_value4`, `stat_type5`, `stat_value5`, `stat_type6`, `stat_value6`, `stat_type7`, `stat_value7`, `stat_type8`, `stat_value8`, `stat_type9`, `stat_value9`, `stat_type10`, `stat_value10`, `ScalingStatDistribution`, `ScalingStatValue`, `dmg_min1`, `dmg_max1`, `dmg_type1`, `dmg_min2`, `dmg_max2`, `dmg_type2`, `armor`, `holy_res`, `fire_res`, `nature_res`, `frost_res`, `shadow_res`, `arcane_res`, `delay`, `ammo_type`, `RangedModRange`, `spellid_1`, `spelltrigger_1`, `spellcharges_1`, `spellppmRate_1`, `spellcooldown_1`, `spellcategory_1`, `spellcategorycooldown_1`, `spellid_2`, `spelltrigger_2`, `spellcharges_2`, `spellppmRate_2`, `spellcooldown_2`, `spellcategory_2`, `spellcategorycooldown_2`, `spellid_3`, `spelltrigger_3`, `spellcharges_3`, `spellppmRate_3`, `spellcooldown_3`, `spellcategory_3`, `spellcategorycooldown_3`, `spellid_4`, `spelltrigger_4`, `spellcharges_4`, `spellppmRate_4`, `spellcooldown_4`, `spellcategory_4`, `spellcategorycooldown_4`, `spellid_5`, `spelltrigger_5`, `spellcharges_5`, `spellppmRate_5`, `spellcooldown_5`, `spellcategory_5`, `spellcategorycooldown_5`, `bonding`, `description`, `PageText`, `LanguageID`, `PageMaterial`, `startquest`, `lockid`, `Material`, `sheath`, `RandomProperty`, `RandomSuffix`, `block`, `itemset`, `MaxDurability`, `area`, `Map`, `BagFamily`, `TotemCategory`, `socketColor_1`, `socketContent_1`, `socketColor_2`, `socketContent_2`, `socketColor_3`, `socketContent_3`, `socketBonus`, `GemProperties`, `RequiredDisenchantSkill`, `ArmorDamageModifier`, `Duration`, `ItemLimitCategory`, `HolidayId`, `ScriptName`, `DisenchantID`, `FoodType`, `minMoneyLoot`, `maxMoneyLoot`, `WDBVerified`) VALUES 
(29041, 0, 4, -1, '달라란 리콜', 36597, 6, 64, 0, 1, 0, 0, 0, -1, -1, 1, 0, 0, 0, 0, 0, 0, 0, 0, 1, 1, 0, 0, 0, 0, 0, 0, 0, 0, 0, 0, 0, 0, 0, 0, 0, 0, 0, 0, 0, 0, 0, 0, 0, 0, 0, 0, 0, 0, 0, 0, 0, 0, 0, 0, 0, 0, 0, 0, 0, 0, 54406, 0, 0, 0, 7000, 0, -1, 0, 0, 0, 0, -1, 0, -1, 0, 0, 0, 0, -1, 0, -1, 0, 0, 0, 0, -1, 0, -1, 0, 0, 0, 0, -1, 0, -1, 1, '달라란으로 훅하고~ 갑니다잉~', 0, 0, 0, 0, 0, 7, 0, 0, 0, 0, 0, 0, 0, 0, 0, 0, 0, 0, 0, 0, 0, 0, 0, 0, -1, 0, 0, 0, 0, '', 0, 0, 0, 0, 12340);
DELETE FROM `locales_item` WHERE `entry` IN (23162);
INSERT INTO `locales_item` (`entry`, `name_loc1`, `name_loc2`, `name_loc3`, `name_loc4`, `name_loc5`, `name_loc6`, `name_loc7`, `name_loc8`, `description_loc1`, `description_loc2`, `description_loc3`, `description_loc4`, `description_loc5`, `description_loc6`, `description_loc7`, `description_loc8`) VALUES 
(23162, '몽이의 아주 넓지만 작은 보관상자', '', '', '', '', '', '', '', '태고신 몽이가 만들었다는 보관상자. 아주 작은데... 안은 넓다??', NULL, NULL, NULL, NULL, NULL, NULL, NULL);

-- 커스텀 크리쳐
DELETE FROM `creature_template` WHERE `entry` IN (60241,60242,67101,67201,67202,67203,67204,67205,67206,67207,67208,67209,67210,67211);
INSERT INTO `creature_template` (`entry`, `difficulty_entry_1`, `difficulty_entry_2`, `difficulty_entry_3`, `KillCredit1`, `KillCredit2`, `modelid1`, `modelid2`, `modelid3`, `modelid4`, `name`, `subname`, `IconName`, `gossip_menu_id`, `minlevel`, `maxlevel`, `exp`, `faction_A`, `faction_H`, `npcflag`, `speed_walk`, `speed_run`, `scale`, `rank`, `mindmg`, `maxdmg`, `dmgschool`, `attackpower`, `dmg_multiplier`, `baseattacktime`, `rangeattacktime`, `unit_class`, `unit_flags`, `dynamicflags`, `family`, `trainer_type`, `trainer_spell`, `trainer_class`, `trainer_race`, `minrangedmg`, `maxrangedmg`, `rangedattackpower`, `type`, `type_flags`, `lootid`, `pickpocketloot`, `skinloot`, `resistance1`, `resistance2`, `resistance3`, `resistance4`, `resistance5`, `resistance6`, `spell1`, `spell2`, `spell3`, `spell4`, `spell5`, `spell6`, `spell7`, `spell8`, `PetSpellDataId`, `VehicleId`, `mingold`, `maxgold`, `AIName`, `MovementType`, `InhabitType`, `HoverHeight`, `Health_mod`, `Mana_mod`, `Armor_mod`, `RacialLeader`, `questItem1`, `questItem2`, `questItem3`, `questItem4`, `questItem5`, `questItem6`, `movementId`, `RegenHealth`, `equipment_id`, `mechanic_immune_mask`, `flags_extra`, `ScriptName`, `WDBVerified`) VALUES 
(60241, 0, 0, 0, 0, 0, 27985, 0, 0, 0, '아캄', '몽이교단 훈육교관', '', 0, 80, 80, 0, 35, 35, 128, 1, 1.14286, 1, 0, 0, 0, 0, 0, 1, 0, 0, 1, 0, 0, 0, 0, 0, 0, 0, 0, 0, 0, 0, 0, 0, 0, 0, 0, 0, 0, 0, 0, 0, 0, 0, 0, 0, 0, 0, 0, 0, 0, 0, 0, 0, '', 0, 3, 1, 147.371, 147.371, 147.371, 0, 0, 0, 0, 0, 0, 0, 0, 1, 0, 0, 0, '', 12340),
(60242, 0, 0, 0, 0, 0, 27985, 0, 0, 0, '잔진', '몽이교단 교육교관', '', 0, 80, 80, 0, 35, 35, 128, 1, 1.14286, 1, 0, 0, 0, 0, 0, 1, 0, 0, 1, 0, 0, 0, 0, 0, 0, 0, 0, 0, 0, 0, 0, 0, 0, 0, 0, 0, 0, 0, 0, 0, 0, 0, 0, 0, 0, 0, 0, 0, 0, 0, 0, 0, '', 0, 3, 1, 147.371, 147.371, 147.371, 0, 0, 0, 0, 0, 0, 0, 0, 1, 0, 0, 0, '', 12340),
(67101, 0, 0, 0, 0, 0, 20085, 0, 0, 0, '레드썬', '기계공학 조합', '', 65001, 80, 80, 0, 35, 35, 3, 1, 1.14286, 1, 0, 0, 0, 0, 0, 1, 0, 0, 1, 0, 0, 0, 0, 0, 0, 0, 0, 0, 0, 0, 0, 0, 0, 0, 0, 0, 0, 0, 0, 0, 0, 0, 0, 0, 0, 0, 0, 0, 0, 0, 0, 0, 'SmartAI', 0, 3, 1, 147.371, 147.371, 147.371, 0, 0, 0, 0, 0, 0, 0, 0, 1, 0, 0, 0, '', 12340),
(67201, 0, 0, 0, 0, 0, 28840, 0, 0, 0, '레오니투스', '몽이교단 무기술 장교', '', 0, 80, 80, 0, 35, 35, 209, 1, 1.14286, 1, 0, 0, 0, 0, 0, 1, 0, 0, 1, 1, 0, 0, 2, 0, 0, 0, 0, 0, 0, 0, 0, 0, 0, 0, 0, 0, 0, 0, 0, 0, 0, 0, 0, 0, 0, 0, 0, 0, 0, 0, 0, 0, '', 0, 3, 1, 147.371, 147.371, 147.371, 0, 0, 0, 0, 0, 0, 0, 0, 1, 0, 0, 0, '', 12340),
(67202, 0, 0, 0, 0, 0, 27328, 0, 0, 0, '투사 무카르', '상급 전사', '', 0, 80, 80, 0, 35, 35, 689, 1, 1.14286, 1, 0, 0, 0, 0, 0, 1, 0, 0, 1, 1, 0, 0, 0, 0, 1, 0, 0, 0, 0, 7, 0, 0, 0, 0, 0, 0, 0, 0, 0, 0, 0, 0, 0, 0, 0, 0, 0, 0, 0, 0, 0, 0, '', 0, 3, 1, 2.5, 1, 1, 0, 0, 0, 0, 0, 0, 0, 0, 1, 0, 0, 0, '', 1),
(67203, 0, 0, 0, 0, 0, 29997, 0, 0, 0, '쇼쿨', '상급 성기사', '', 0, 80, 80, 0, 35, 35, 689, 1, 1.14286, 1, 0, 0, 0, 0, 0, 1, 0, 0, 2, 1, 0, 0, 0, 0, 2, 0, 0, 0, 0, 7, 0, 0, 0, 0, 0, 0, 0, 0, 0, 0, 0, 0, 0, 0, 0, 0, 0, 0, 0, 0, 0, 0, '', 0, 3, 1, 2.5, 2.5, 1, 0, 0, 0, 0, 0, 0, 0, 0, 1, 0, 0, 0, '', 1),
(67204, 0, 0, 0, 0, 0, 28213, 0, 0, 0, '실바나스 윈드러너', '상급 사냥꾼', '', 0, 80, 80, 0, 35, 35, 689, 1, 1.14286, 1, 0, 0, 0, 0, 0, 1, 0, 0, 2, 1, 0, 0, 0, 0, 3, 0, 0, 0, 0, 7, 0, 0, 0, 0, 0, 0, 0, 0, 0, 0, 0, 0, 0, 0, 0, 0, 0, 0, 0, 0, 0, 0, '', 0, 3, 1, 2.5, 2.5, 1, 0, 0, 0, 0, 0, 0, 0, 0, 1, 0, 0, 0, '', 1),
(67205, 0, 0, 0, 0, 0, 28193, 0, 0, 0, '드룰', '상급 도적', '', 0, 80, 80, 0, 35, 35, 689, 1, 1.14286, 1, 0, 0, 0, 0, 0, 1, 0, 0, 4, 1, 0, 0, 0, 0, 4, 0, 0, 0, 0, 7, 0, 0, 0, 0, 0, 0, 0, 0, 0, 0, 0, 0, 0, 0, 0, 0, 0, 0, 0, 0, 0, 0, '', 0, 3, 1, 2.5, 1, 1, 0, 0, 0, 0, 0, 0, 0, 0, 1, 0, 0, 0, '', 1),
(67206, 0, 0, 0, 0, 0, 28190, 0, 0, 0, '니시', '상급 사제', '', 0, 80, 80, 0, 35, 35, 689, 1, 1.14286, 1, 0, 0, 0, 0, 0, 1, 0, 0, 8, 1, 0, 0, 0, 0, 5, 0, 0, 0, 0, 7, 0, 0, 0, 0, 0, 0, 0, 0, 0, 0, 0, 0, 0, 0, 0, 0, 0, 0, 0, 0, 0, 0, '', 0, 3, 1, 2.5, 2.5, 1, 0, 0, 0, 0, 0, 0, 0, 0, 1, 0, 0, 0, '', 1),
(67207, 0, 0, 0, 0, 0, 29818, 0, 0, 0, '고도 클라우드클리버', '상급 죽음의 기사', '', 0, 80, 80, 0, 35, 35, 689, 1, 1.14286, 1, 0, 0, 0, 0, 0, 1, 0, 0, 2, 1, 0, 0, 0, 0, 6, 0, 0, 0, 0, 7, 0, 0, 0, 0, 0, 0, 0, 0, 0, 0, 0, 0, 0, 0, 0, 0, 0, 0, 0, 0, 0, 0, '', 0, 3, 1, 2.5, 2.5, 1, 0, 0, 0, 0, 0, 0, 0, 0, 1, 0, 0, 0, '', 1),
(67208, 0, 0, 0, 0, 0, 28187, 0, 0, 0, '주완나마나', '상급 주술사', '', 0, 80, 80, 0, 35, 35, 689, 1, 1.14286, 1, 0, 0, 0, 0, 0, 1, 0, 0, 2, 1, 0, 0, 0, 0, 7, 0, 0, 0, 0, 7, 0, 0, 0, 0, 0, 0, 0, 0, 0, 0, 0, 0, 0, 0, 0, 0, 0, 0, 0, 0, 0, 0, '', 0, 3, 1, 2.5, 2.5, 1, 0, 0, 0, 0, 0, 0, 0, 0, 1, 0, 0, 0, '', 1),
(67209, 0, 0, 0, 0, 0, 28205, 0, 0, 0, '빔블 스파크핑거스', '상급 마법사', '', 0, 80, 80, 0, 35, 35, 689, 1, 1.14286, 1, 0, 0, 0, 0, 0, 1, 0, 0, 8, 1, 0, 0, 0, 0, 8, 0, 0, 0, 0, 7, 0, 0, 0, 0, 0, 0, 0, 0, 0, 0, 0, 0, 0, 0, 0, 0, 0, 0, 0, 0, 0, 0, '', 0, 3, 1, 2.5, 2.5, 1, 0, 0, 0, 0, 0, 0, 0, 0, 1, 0, 0, 0, '', 1),
(67210, 0, 0, 0, 0, 0, 28227, 0, 0, 0, '알렉스트라자', '상급 흑마법사', '', 0, 80, 80, 0, 35, 35, 689, 1, 1.14286, 0.64, 0, 0, 0, 0, 0, 1, 0, 0, 8, 1, 0, 0, 0, 0, 9, 0, 0, 0, 0, 7, 0, 0, 0, 0, 0, 0, 0, 0, 0, 0, 0, 0, 0, 0, 0, 0, 0, 0, 0, 0, 0, 0, '', 0, 3, 1, 2.5, 2.5, 1, 0, 0, 0, 0, 0, 0, 0, 0, 1, 0, 0, 0, '', 1),
(67211, 0, 0, 0, 0, 0, 28878, 0, 0, 0, '파이론 셰이드송', '상급 드루이드', '', 0, 80, 80, 0, 35, 35, 689, 1, 1.14286, 1, 0, 0, 0, 0, 0, 1, 0, 0, 2, 1, 0, 0, 0, 0, 11, 0, 0, 0, 0, 7, 0, 0, 0, 0, 0, 0, 0, 0, 0, 0, 0, 0, 0, 0, 0, 0, 0, 0, 0, 0, 0, 0, '', 0, 3, 1, 2.5, 2.5, 1, 0, 0, 0, 0, 0, 0, 0, 0, 1, 0, 0, 0, '', 1);

-- 상인 세팅
DELETE FROM `npc_vendor` WHERE `entry` IN (60241,60242,60243,60245,60246,12783,12796);
INSERT INTO `npc_vendor` (`entry`, `slot`, `item`, `maxcount`, `incrtime`, `ExtendedCost`) VALUES
(60241, 0, 12353, 0, 0, 0),(60241, 0, 42122, 0, 0, 0),(60241, 0, 42123, 0, 0, 0),(60241, 0, 42558, 0, 0, 0),(60241, 0, 42943, 0, 0, 0),(60241, 0, 42944, 0, 0, 0),(60241, 0, 42945, 0, 0, 0),(60241, 0, 42946, 0, 0, 0),(60241, 0, 42947, 0, 0, 0),(60241, 0, 42948, 0, 0, 0),(60241, 0, 42949, 0, 0, 0),(60241, 0, 42950, 0, 0, 0),(60241, 0, 42951, 0, 0, 0),(60241, 0, 42952, 0, 0, 0),(60241, 0, 42984, 0, 0, 0),(60241, 0, 42985, 0, 0, 0),(60241, 0, 42991, 0, 0, 0),(60241, 0, 42992, 0, 0, 0),(60241, 0, 44091, 0, 0, 0),(60241, 0, 44092, 0, 0, 0),(60241, 0, 44093, 0, 0, 0),(60241, 0, 44094, 0, 0, 0),(60241, 0, 44095, 0, 0, 0),(60241, 0, 44096, 0, 0, 0),(60241, 0, 44097, 0, 0, 0),(60241, 0, 44098, 0, 0, 0),(60241, 0, 44099, 0, 0, 0),(60241, 0, 44100, 0, 0, 0),(60241, 0, 44101, 0, 0, 0),(60241, 0, 44102, 0, 0, 0),(60241, 0, 44103, 0, 0, 0),(60241, 0, 44105, 0, 0, 0),(60241, 0, 44107, 0, 0, 0),(60241, 0, 48677, 0, 0, 0),(60241, 0, 48683, 0, 0, 0),(60241, 0, 48685, 0, 0, 0),(60241, 0, 48687, 0, 0, 0),(60241, 0, 48689, 0, 0, 0),(60241, 0, 48691, 0, 0, 0),(60241, 0, 48716, 0, 0, 0),(60241, 0, 48718, 0, 0, 0),(60241, 0, 50255, 0, 0, 0),(60241, 0, 29041, 0, 0, 0),(60241, 0, 37011, 0, 0, 0),(60241, 0, 50317, 0, 0, 2707),(60241, 0, 50316, 0, 0, 2707),(60241, 0, 49295, 0, 0, 2707),
(60242, 0, 40415, 0, 0, 0),(60242, 0, 40416, 0, 0, 0),(60242, 0, 40417, 0, 0, 0),(60242, 0, 40418, 0, 0, 0),(60242, 0, 40419, 0, 0, 0),(60242, 0, 40420, 0, 0, 0),(60242, 0, 40421, 0, 0, 0),(60242, 0, 40422, 0, 0, 0),(60242, 0, 40423, 0, 0, 0),(60242, 0, 40424, 0, 0, 0),(60242, 0, 40445, 0, 0, 0),(60242, 0, 40447, 0, 0, 0),(60242, 0, 40448, 0, 0, 0),(60242, 0, 40449, 0, 0, 0),(60242, 0, 40450, 0, 0, 0),(60242, 0, 40454, 0, 0, 0),(60242, 0, 40456, 0, 0, 0),(60242, 0, 40457, 0, 0, 0),(60242, 0, 40458, 0, 0, 0),(60242, 0, 40459, 0, 0, 0),(60242, 0, 40460, 0, 0, 0),(60242, 0, 40461, 0, 0, 0),(60242, 0, 40462, 0, 0, 0),(60242, 0, 40463, 0, 0, 0),(60242, 0, 40465, 0, 0, 0),(60242, 0, 40466, 0, 0, 0),(60242, 0, 40467, 0, 0, 0),(60242, 0, 40468, 0, 0, 0),(60242, 0, 40469, 0, 0, 0),(60242, 0, 40470, 0, 0, 0),(60242, 0, 40471, 0, 0, 0),(60242, 0, 40472, 0, 0, 0),(60242, 0, 40473, 0, 0, 0),(60242, 0, 40493, 0, 0, 0),(60242, 0, 40494, 0, 0, 0),(60242, 0, 40495, 0, 0, 0),(60242, 0, 40496, 0, 0, 0),(60242, 0, 40499, 0, 0, 0),(60242, 0, 40500, 0, 0, 0),(60242, 0, 40502, 0, 0, 0),(60242, 0, 40503, 0, 0, 0),(60242, 0, 40504, 0, 0, 0),(60242, 0, 40505, 0, 0, 0),(60242, 0, 40506, 0, 0, 0),(60242, 0, 40507, 0, 0, 0),(60242, 0, 40508, 0, 0, 0),(60242, 0, 40509, 0, 0, 0),(60242, 0, 40510, 0, 0, 0),(60242, 0, 40512, 0, 0, 0),(60242, 0, 40513, 0, 0, 0),(60242, 0, 40514, 0, 0, 0),(60242, 0, 40515, 0, 0, 0),(60242, 0, 40516, 0, 0, 0),(60242, 0, 40517, 0, 0, 0),(60242, 0, 40518, 0, 0, 0),(60242, 0, 40520, 0, 0, 0),(60242, 0, 40521, 0, 0, 0),(60242, 0, 40522, 0, 0, 0),(60242, 0, 40523, 0, 0, 0),(60242, 0, 40524, 0, 0, 0),(60242, 0, 40525, 0, 0, 0),(60242, 0, 40527, 0, 0, 0),(60242, 0, 40528, 0, 0, 0),(60242, 0, 40529, 0, 0, 0),(60242, 0, 40530, 0, 0, 0),(60242, 0, 40544, 0, 0, 0),(60242, 0, 40545, 0, 0, 0),(60242, 0, 40546, 0, 0, 0),(60242, 0, 40547, 0, 0, 0),(60242, 0, 40548, 0, 0, 0),(60242, 0, 40550, 0, 0, 0),(60242, 0, 40552, 0, 0, 0),(60242, 0, 40554, 0, 0, 0),(60242, 0, 40556, 0, 0, 0),(60242, 0, 40557, 0, 0, 0),(60242, 0, 40559, 0, 0, 0),(60242, 0, 40563, 0, 0, 0),(60242, 0, 40565, 0, 0, 0),(60242, 0, 40567, 0, 0, 0),(60242, 0, 40568, 0, 0, 0),(60242, 0, 40569, 0, 0, 0),(60242, 0, 40570, 0, 0, 0),(60242, 0, 40571, 0, 0, 0),(60242, 0, 40572, 0, 0, 0),(60242, 0, 40573, 0, 0, 0),(60242, 0, 40574, 0, 0, 0),(60242, 0, 40575, 0, 0, 0),(60242, 0, 40576, 0, 0, 0),(60242, 0, 40577, 0, 0, 0),(60242, 0, 40578, 0, 0, 0),(60242, 0, 40579, 0, 0, 0),(60242, 0, 40580, 0, 0, 0),(60242, 0, 40581, 0, 0, 0),(60242, 0, 40583, 0, 0, 0),(60242, 0, 40584, 0, 0, 0),(60242, 0, 43727, 0, 0, 0),(60242, 0, 43728, 0, 0, 0),(60242, 0, 43729, 0, 0, 0),(60242, 0, 43730, 0, 0, 0),(60242, 0, 43731, 0, 0, 0);

-- 테스트용 상인(상급 클래스 문양 판매)
DELETE FROM `npc_vendor` WHERE `entry` IN (67202,67203,67204,67205,67206,67207,67208,67209,67210,67211);
INSERT INTO `npc_vendor` (`entry`, `item`) VALUES 
(67202, 43395),(67202, 43396),(67202, 43397),(67202, 43398),(67202, 43399),(67202, 43400),(67202, 43412),(67202, 43413),(67202, 43414),(67202, 43415),(67202, 43416),(67202, 43417),(67202, 43418),(67202, 43419),(67202, 43420),(67202, 43421),(67202, 43422),(67202, 43423),(67202, 43424),(67202, 43425),(67202, 43426),(67202, 43427),(67202, 43428),(67202, 43429),(67202, 43430),(67202, 43431),(67202, 43432),(67202, 45790),(67202, 45792),(67202, 45793),(67202, 45794),(67202, 45795),(67202, 45797),(67202, 49084),(67203, 41092),(67203, 41094),(67203, 41095),(67203, 41096),(67203, 41097),(67203, 41098),(67203, 41099),(67203, 41100),(67203, 41101),(67203, 41102),(67203, 41103),(67203, 41104),(67203, 41105),(67203, 41106),(67203, 41107),(67203, 41108),(67203, 41109),(67203, 41110),(67203, 43340),(67203, 43365),(67203, 43366),(67203, 43367),(67203, 43368),(67203, 43369),(67203, 43867),(67203, 43868),(67203, 43869),(67203, 45741),(67203, 45742),(67203, 45743),(67203, 45744),(67203, 45745),(67203, 45746),(67203, 45747),(67204, 42897),(67204, 42898),(67204, 42899),(67204, 42900),(67204, 42901),(67204, 42902),(67204, 42903),(67204, 42904),(67204, 42905),(67204, 42906),(67204, 42907),(67204, 42908),(67204, 42909),(67204, 42910),(67204, 42911),(67204, 42912),(67204, 42913),(67204, 42914),(67204, 42915),(67204, 42916),(67204, 42917),(67204, 43338),(67204, 43350),(67204, 43351),(67204, 43354),(67204, 43355),(67204, 43356),(67204, 45625),(67204, 45731),(67204, 45732),(67204, 45733),(67204, 45734),(67204, 45735),(67205, 42954),(67205, 42955),(67205, 42956),(67205, 42957),(67205, 42958),(67205, 42959),(67205, 42960),(67205, 42961),(67205, 42962),(67205, 42963),(67205, 42964),(67205, 42965),(67205, 42966),(67205, 42967),(67205, 42968),(67205, 42969),(67205, 42970),(67205, 42971),(67205, 42972),(67205, 42973),(67205, 42974),(67205, 43343),(67205, 43376),(67205, 43377),(67205, 43378),(67205, 43379),(67205, 43380),(67205, 45761),(67205, 45762),(67205, 45764),(67205, 45766),(67205, 45767),(67205, 45768),(67205, 45769),(67206, 42396),(67206, 42397),(67206, 42398),(67206, 42399),(67206, 42400),(67206, 42401),(67206, 42402),(67206, 42403),(67206, 42404),(67206, 42405),(67206, 42406),(67206, 42407),(67206, 42408),(67206, 42409),(67206, 42410),(67206, 42411),(67206, 42412),(67206, 42414),(67206, 42415),(67206, 42416),(67206, 42417),(67206, 43342),(67206, 43370),(67206, 43371),(67206, 43372),(67206, 43373),(67206, 43374),(67206, 45753),(67206, 45755),(67206, 45756),(67206, 45757),(67206, 45758),(67206, 45760),(67207, 43533),(67207, 43534),(67207, 43535),(67207, 43536),(67207, 43537),(67207, 43538),(67207, 43539),(67207, 43541),(67207, 43542),(67207, 43543),(67207, 43544),(67207, 43545),(67207, 43546),(67207, 43547),(67207, 43548),(67207, 43549),(67207, 43550),(67207, 43551),(67207, 43552),(67207, 43553),(67207, 43554),(67207, 43671),(67207, 43672),(67207, 43673),(67207, 43825),(67207, 43826),(67207, 43827),(67207, 45799),(67207, 45800),(67207, 45803),(67207, 45804),(67207, 45805),(67207, 45806),(67208, 41517),(67208, 41518),(67208, 41524),(67208, 41526),(67208, 41527),(67208, 41529),(67208, 41530),(67208, 41531),(67208, 41532),(67208, 41533),(67208, 41534),(67208, 41535),(67208, 41536),(67208, 41537),(67208, 41538),(67208, 41539),(67208, 41540),(67208, 41541),(67208, 41542),(67208, 41547),(67208, 41552),(67208, 43344),(67208, 43381),(67208, 43385),(67208, 43386),(67208, 43388),(67208, 43725),(67208, 44923),(67208, 45770),(67208, 45771),(67208, 45772),(67208, 45775),(67208, 45776),(67208, 45777),(67208, 45778),(67209, 42734),(67209, 42735),(67209, 42736),(67209, 42737),(67209, 42738),(67209, 42739),(67209, 42740),(67209, 42741),(67209, 42742),(67209, 42743),(67209, 42744),(67209, 42745),(67209, 42746),(67209, 42747),(67209, 42748),(67209, 42749),(67209, 42750),(67209, 42751),(67209, 42752),(67209, 42753),(67209, 42754),(67209, 43339),(67209, 43357),(67209, 43359),(67209, 43360),(67209, 43361),(67209, 43364),(67209, 44684),(67209, 44920),(67209, 44955),(67209, 45736),(67209, 45737),(67209, 45738),(67209, 45739),(67209, 45740),(67209, 50045),(67210, 42453),(67210, 42454),(67210, 42455),(67210, 42456),(67210, 42457),(67210, 42458),(67210, 42459),(67210, 42460),(67210, 42461),(67210, 42462),(67210, 42463),(67210, 42464),(67210, 42465),(67210, 42466),(67210, 42467),(67210, 42468),(67210, 42469),(67210, 42470),(67210, 42471),(67210, 42472),(67210, 42473),(67210, 43389),(67210, 43390),(67210, 43391),(67210, 43392),(67210, 43393),(67210, 43394),(67210, 45779),(67210, 45780),(67210, 45781),(67210, 45782),(67210, 45783),(67210, 45785),(67210, 45789),(67210, 50077),(67211, 40896),(67211, 40897),(67211, 40899),(67211, 40900),(67211, 40901),(67211, 40902),(67211, 40903),(67211, 40906),(67211, 40908),(67211, 40909),(67211, 40912),(67211, 40913),(67211, 40914),(67211, 40915),(67211, 40916),(67211, 40919),(67211, 40920),(67211, 40921),(67211, 40922),(67211, 40923),(67211, 40924),(67211, 43316),(67211, 43331),(67211, 43332),(67211, 43334),(67211, 43335),(67211, 43674),(67211, 44922),(67211, 44928),(67211, 45601),(67211, 45602),(67211, 45603),(67211, 45604),(67211, 45622),(67211, 45623),(67211, 46372),(67211, 48720),(67211, 50125);

-- 크리쳐 세팅
DELETE FROM `creature` WHERE `id` IN (60241,60242,67101,67201,67202,67203,67204,67205,67206,67207,67208,67209,67210,67211);
DELETE FROM `creature` WHERE `guid` IN (10656764,10658126,10658518,616459);
INSERT INTO `creature` (`id`, `map`, `spawnMask`, `phaseMask`, `modelid`, `equipment_id`, `position_x`, `position_y`, `position_z`, `orientation`, `spawntimesecs`, `spawndist`, `currentwaypoint`, `curhealth`, `curmana`, `MovementType`, `npcflag`, `unit_flags`, `dynamicflags`) VALUES 
(60241, 571, 1, 1, 0, 0, 5806.36, 842.138, 680.177, 4.82795, 300, 0, 0, 787256, 0, 0, 0, 0, 0), -- 아캄
(60242, 571, 1, 1, 0, 0, 5797.83, 843.112, 680.18, 4.69049, 300, 0, 0, 787256, 0, 0, 0, 0, 0), -- 잔진
(67101, 1, 1, 1, 0, 0, -7146.5, -3830.93, 8.4309, 1.34333, 300, 0, 0, 787256, 0, 0, 0, 0, 0), -- 레드썬
(30431, 571, 1, 1, 0, 1009, 5810.89, 841.155, 680.225, 4.3358, 300, 0, 0, 23310, 11982, 0, 0, 0, 0), -- 평판 병참장교
(32538, 571, 1, 1, 0, 0, 5793.53, 843.182, 680.238, 4.71949, 300, 0, 0, 10080, 8814, 0, 0, 0, 0), -- 평판 병참장교
(32540, 571, 1, 1, 0, 851, 5780.9, 831.347, 680.193, 0.583897, 300, 0, 0, 50400, 0, 0, 0, 0, 0), -- 평판 병참장교
(15681, 571, 1, 1, 0, 0, 5817.56, 642.141, 647.694, 3.38314, 300, 0, 0, 2769, 0, 0, 0, 0, 0), -- 공통 경매장
-- 무기교관 및 각 직업교관
(67201, 571, 1, 1, 20087, 0, 5806.9, 809.59, 661.678, 4.77175, 300, 0, 0, 787256, 0, 0, 0, 0, 0),(67202, 571, 1, 1, 0, 0, 5823.17, 811.247, 662.548, 2.7674, 300, 0, 0, 13355, 0, 0, 0, 0, 0),(67203, 571, 1, 1, 0, 0, 5823.96, 818.224, 662.133, 2.99122, 300, 0, 0, 10685, 9985, 0, 0, 0, 0),(67204, 571, 1, 1, 0, 0, 5823.2, 829.336, 662.075, 3.59734, 300, 0, 0, 10685, 9985, 0, 0, 0, 0),(67205, 571, 1, 1, 0, 0, 5821.04, 835.572, 662.476, 3.81797, 300, 0, 0, 13355, 0, 0, 0, 0, 0),(67206, 571, 1, 1, 0, 0, 5815.16, 840.04, 662.066, 4.24601, 300, 0, 0, 9348, 22035, 0, 0, 0, 0),(67207, 571, 1, 1, 0, 0, 5775.98, 816.07, 662.552, 0.184722, 300, 0, 0, 10685, 9985, 0, 0, 0, 0),(67208, 571, 1, 1, 0, 0, 5776.18, 823.053, 662.134, 0.0379067, 300, 0, 0, 10685, 9985, 0, 0, 0, 0),(67209, 571, 1, 1, 0, 0, 5779.06, 833.723, 662.08, 5.84043, 300, 0, 0, 9348, 22035, 0, 0, 0, 0),(67210, 571, 1, 1, 0, 0, 5782.81, 839.833, 662.472, 5.46658, 300, 0, 0, 9348, 22035, 0, 0, 0, 0),(67211, 571, 1, 1, 0, 0, 5788.84, 842.632, 662.072, 5.19562, 300, 0, 0, 10685, 9985, 0, 0, 0, 0);

DELETE FROM `creature_template` WHERE `entry` IN (32540,15681); -- 펙션 수정
INSERT INTO `creature_template` (`entry`, `difficulty_entry_1`, `difficulty_entry_2`, `difficulty_entry_3`, `KillCredit1`, `KillCredit2`, `modelid1`, `modelid2`, `modelid3`, `modelid4`, `name`, `subname`, `IconName`, `gossip_menu_id`, `minlevel`, `maxlevel`, `exp`, `faction_A`, `faction_H`, `npcflag`, `speed_walk`, `speed_run`, `scale`, `rank`, `mindmg`, `maxdmg`, `dmgschool`, `attackpower`, `dmg_multiplier`, `baseattacktime`, `rangeattacktime`, `unit_class`, `unit_flags`, `dynamicflags`, `family`, `trainer_type`, `trainer_spell`, `trainer_class`, `trainer_race`, `minrangedmg`, `maxrangedmg`, `rangedattackpower`, `type`, `type_flags`, `lootid`, `pickpocketloot`, `skinloot`, `resistance1`, `resistance2`, `resistance3`, `resistance4`, `resistance5`, `resistance6`, `spell1`, `spell2`, `spell3`, `spell4`, `spell5`, `spell6`, `spell7`, `spell8`, `PetSpellDataId`, `VehicleId`, `mingold`, `maxgold`, `AIName`, `MovementType`, `InhabitType`, `Health_mod`, `Mana_mod`, `Armor_mod`, `RacialLeader`, `questItem1`, `questItem2`, `questItem3`, `questItem4`, `questItem5`, `questItem6`, `movementId`, `RegenHealth`, `equipment_id`, `mechanic_immune_mask`, `flags_extra`, `ScriptName`, `WDBVerified`) VALUES
(32540, 0, 0, 0, 0, 0, 26778, 0, 0, 0, 'Lillehoff', 'The Sons of Hodir Quartermaster', '', 10281, 80, 80, 2, 35, 35, 131, 2.8, 1.71429, 0.5, 1, 422, 586, 0, 642, 7.5, 2000, 0, 1, 0, 8, 0, 0, 0, 0, 0, 345, 509, 103, 7, 0, 0, 0, 0, 0, 0, 0, 0, 0, 0, 0, 0, 0, 0, 0, 0, 0, 0, 0, 0, 0, 0, '', 0, 3, 4, 1, 1, 0, 0, 0, 0, 0, 0, 0, 171, 1, 851, 0, 2, '', 12340),
(15681, 0, 0, 0, 0, 0, 7993, 0, 0, 0, 'Auctioneer O-reely', '', '', 0, 50, 50, 0, 35, 35, 2097152, 1.3, 1.14286, 1, 0, 60, 90, 0, 22, 1, 1500, 1500, 1, 32768, 8, 0, 0, 0, 0, 0, 48, 72, 18, 7, 0, 0, 0, 0, 0, 0, 0, 0, 0, 0, 0, 0, 0, 0, 0, 0, 0, 0, 0, 0, 0, 0, '', 0, 3, 1.25, 1, 1, 0, 0, 0, 0, 0, 0, 0, 0, 1, 0, 0, 2, '', 12340);

-- 겨손 NPC 삭제
DELETE FROM `creature` WHERE `id` IN (30739,30740,31107,31101,31102,32296,31151,31091,31106,31053,15350,31109,31036,31153,31108,31051,31054,31052);
DELETE FROM `creature_addon` WHERE `guid` IN (32075,6505,26901,131258,131259,131260,131261,131262,131263,131264,131265,131266,131267,131268,131269,131270,131271,131272,131273,131274,131275,131276,131277,131278,131279,131280,131281,88360,88354,88357,88356,88337,88343,131839);

-- 다크문 간격 2주로 조정
-- UPDATE `game_event` SET `occurence`='60480' WHERE `eventEntry` IN (3,4,5,23);


###################
## 커스텀 퀘스트 ##
###################

-- 기계공학 대가기술 제거
DELETE FROM `gossip_menu` WHERE `entry`=65001;
INSERT INTO `gossip_menu` (`entry`, `text_id`) VALUES (65001, 500001);
DELETE FROM `npc_text` WHERE `ID`=500001;
INSERT INTO `npc_text` (`ID`, `text0_0`, `prob0`) VALUES (500001, '저는 기계공학 대가 기술을 잊게 해드립니다.$B원, 투, 레드~썬!', 1);
DELETE FROM `gossip_menu_option` WHERE `menu_id`=65001;
INSERT INTO `gossip_menu_option` VALUES
(65001, 1, 4, '놈 기계공학 잊기', 1, 1, 0, 0, 0, 0, NULL),
(65001, 2, 4, '고블린 기공공학 잊기', 1, 1, 0, 0, 0, 0, NULL);
DELETE FROM `smart_scripts` WHERE `entryorguid`=67101;
INSERT INTO `smart_scripts` (`entryorguid`, `source_type`, `id`, `link`, `event_type`, `event_phase_mask`, `event_chance`, `event_flags`, `event_param1`, `event_param2`, `event_param3`, `event_param4`, `action_type`, `action_param1`, `action_param2`, `action_param3`, `action_param4`, `action_param5`, `action_param6`, `target_type`, `target_param1`, `target_param2`, `target_param3`, `target_x`, `target_y`, `target_z`, `target_o`, `comment`) VALUES 
(67101, 0, 0, 0, 62, 0, 100, 0, 65001, 1, 0, 0, 85, 68333, 3, 0, 0, 0, 0, 0, 0, 0, 0, 0, 0, 0, 0, ''),
(67101, 0, 1, 0, 62, 0, 100, 0, 65001, 2, 0, 0, 85, 68334, 3, 0, 0, 0, 0, 0, 0, 0, 0, 0, 0, 0, 0, '');

-- GM섬 이동
DELETE FROM `creature_template` WHERE `entry`=67102;
INSERT INTO `creature_template` (`entry`, `difficulty_entry_1`, `difficulty_entry_2`, `difficulty_entry_3`, `KillCredit1`, `KillCredit2`, `modelid1`, `modelid2`, `modelid3`, `modelid4`, `name`, `subname`, `IconName`, `gossip_menu_id`, `minlevel`, `maxlevel`, `exp`, `faction_A`, `faction_H`, `npcflag`, `speed_walk`, `speed_run`, `scale`, `rank`, `mindmg`, `maxdmg`, `dmgschool`, `attackpower`, `dmg_multiplier`, `baseattacktime`, `rangeattacktime`, `unit_class`, `unit_flags`, `dynamicflags`, `family`, `trainer_type`, `trainer_spell`, `trainer_class`, `trainer_race`, `minrangedmg`, `maxrangedmg`, `rangedattackpower`, `type`, `type_flags`, `lootid`, `pickpocketloot`, `skinloot`, `resistance1`, `resistance2`, `resistance3`, `resistance4`, `resistance5`, `resistance6`, `spell1`, `spell2`, `spell3`, `spell4`, `spell5`, `spell6`, `spell7`, `spell8`, `PetSpellDataId`, `VehicleId`, `mingold`, `maxgold`, `AIName`, `MovementType`, `InhabitType`, `HoverHeight`, `Health_mod`, `Mana_mod`, `Armor_mod`, `RacialLeader`, `questItem1`, `questItem2`, `questItem3`, `questItem4`, `questItem5`, `questItem6`, `movementId`, `RegenHealth`, `equipment_id`, `mechanic_immune_mask`, `flags_extra`, `ScriptName`, `WDBVerified`) VALUES 
(67102, 0, 0, 0, 0, 0, 20085, 0, 0, 0, '원투고', '장비샵 이동도우미', '', 65002, 80, 80, 0, 35, 35, 3, 1, 1.14286, 1, 0, 0, 0, 0, 0, 1, 0, 0, 1, 0, 0, 0, 0, 0, 0, 0, 0, 0, 0, 0, 0, 0, 0, 0, 0, 0, 0, 0, 0, 0, 0, 0, 0, 0, 0, 0, 0, 0, 0, 0, 0, 0, 'SmartAI', 0, 3, 1, 147.371, 147.371, 147.371, 0, 0, 0, 0, 0, 0, 0, 0, 1, 0, 0, 0, '', 12340);

DELETE FROM `gossip_menu` WHERE `entry`=65002;
INSERT INTO `gossip_menu` (`entry`, `text_id`) VALUES (65002, 500002);
DELETE FROM `npc_text` WHERE `ID`=500002;
INSERT INTO `npc_text` (`ID`, `text0_0`, `prob0`) VALUES (500002, '테스트서버 장비샵으로 이동합니다.$B원, 투, 고!!', 1);
DELETE FROM `gossip_menu_option` WHERE `menu_id`=65002;
INSERT INTO `gossip_menu_option` VALUES
(65002, 1, 2, '지갑 빵빵! 이동!', 1, 1, 0, 0, 0, 0, NULL);
DELETE FROM `smart_scripts` WHERE `entryorguid`=67102;
INSERT INTO `smart_scripts` (`entryorguid`, `source_type`, `id`, `link`, `event_type`, `event_phase_mask`, `event_chance`, `event_flags`, `event_param1`, `event_param2`, `event_param3`, `event_param4`, `action_type`, `action_param1`, `action_param2`, `action_param3`, `action_param4`, `action_param5`, `action_param6`, `target_type`, `target_param1`, `target_param2`, `target_param3`, `target_x`, `target_y`, `target_z`, `target_o`, `comment`) VALUES 
(67102, 0, 0, 0, 62, 0, 100, 0, 65002, 1, 0, 0, 62, 1, 0, 0, 0, 0, 0, 0, 8, 0, 0, 16208.5635, 16221.2470, 1.514, 1.0948, '');
