-- 추가 커스텀 상인
DELETE FROM `creature_template` WHERE `entry` IN (60245, 60246, 60247, 60248, 60249, 60250, 60251, 60252);
INSERT INTO `creature_template` (`entry`, `difficulty_entry_1`, `difficulty_entry_2`, `difficulty_entry_3`, `KillCredit1`, `KillCredit2`, `modelid1`, `modelid2`, `modelid3`, `modelid4`, `name`, `subname`, `IconName`, `gossip_menu_id`, `minlevel`, `maxlevel`, `exp`, `faction_A`, `faction_H`, `npcflag`, `speed_walk`, `speed_run`, `scale`, `rank`, `mindmg`, `maxdmg`, `dmgschool`, `attackpower`, `dmg_multiplier`, `baseattacktime`, `rangeattacktime`, `unit_class`, `unit_flags`, `dynamicflags`, `family`, `trainer_type`, `trainer_spell`, `trainer_class`, `trainer_race`, `minrangedmg`, `maxrangedmg`, `rangedattackpower`, `type`, `type_flags`, `lootid`, `pickpocketloot`, `skinloot`, `resistance1`, `resistance2`, `resistance3`, `resistance4`, `resistance5`, `resistance6`, `spell1`, `spell2`, `spell3`, `spell4`, `spell5`, `spell6`, `spell7`, `spell8`, `PetSpellDataId`, `VehicleId`, `mingold`, `maxgold`, `AIName`, `MovementType`, `InhabitType`, `Health_mod`, `Mana_mod`, `Armor_mod`, `RacialLeader`, `questItem1`, `questItem2`, `questItem3`, `questItem4`, `questItem5`, `questItem6`, `movementId`, `RegenHealth`, `equipment_id`, `mechanic_immune_mask`, `flags_extra`, `ScriptName`, `WDBVerified`) VALUES
(60245, 0, 0, 0, 0, 0, 20225, 20225, 0, 0, '막시무스', '몽이교단 병참장교', '', 0, 80, 80, 0, 35, 35, 128, 1, 1.14286, 1, 0, 0, 0, 0, 0, 1, 0, 0, 1, 0, 0, 0, 0, 0, 0, 0, 0, 0, 0, 0, 0, 0, 0, 0, 0, 0, 0, 0, 0, 0, 0, 0, 0, 0, 0, 0, 0, 0, 0, 0, 0, 0, '', 0, 3, 147.371, 147.371, 147.371, 0, 0, 0, 0, 0, 0, 0, 0, 1, 0, 0, 0, '', 12340),
(60246, 0, 0, 0, 0, 0, 18970, 18970, 0, 0, '레오디나스', '몽이교단 보급장교', '', 0, 80, 80, 0, 35, 35, 128, 1, 1.14286, 1, 0, 0, 0, 0, 0, 1, 0, 0, 1, 0, 0, 0, 0, 0, 0, 0, 0, 0, 0, 0, 0, 0, 0, 0, 0, 0, 0, 0, 0, 0, 0, 0, 0, 0, 0, 0, 0, 0, 0, 0, 0, 0, '', 0, 3, 147.371, 147.371, 147.371, 0, 0, 0, 0, 0, 0, 0, 0, 1, 0, 0, 0, '', 12340),
(60247, 0, 0, 0, 0, 0, 18914, 18914, 0, 0, '바티아투스', '몽이교단 투기장 관리인', '', 0, 80, 80, 0, 35, 35, 128, 1, 1.14286, 1, 0, 0, 0, 0, 0, 1, 0, 0, 1, 0, 0, 0, 0, 0, 0, 0, 0, 0, 0, 0, 0, 0, 0, 0, 0, 0, 0, 0, 0, 0, 0, 0, 0, 0, 0, 0, 0, 0, 0, 0, 0, 0, '', 0, 3, 147.371, 147.371, 147.371, 0, 0, 0, 0, 0, 0, 0, 0, 1, 0, 0, 0, '', 12340),
(60248, 0, 0, 0, 0, 0, 18739, 18739, 0, 0, '오이노마오스', '몽이교단 투기장 관리인', '', 0, 80, 80, 0, 35, 35, 128, 1, 1.14286, 1, 0, 0, 0, 0, 0, 1, 0, 0, 1, 0, 0, 0, 0, 0, 0, 0, 0, 0, 0, 0, 0, 0, 0, 0, 0, 0, 0, 0, 0, 0, 0, 0, 0, 0, 0, 0, 0, 0, 0, 0, 0, 0, '', 0, 3, 147.371, 147.371, 147.371, 0, 0, 0, 0, 0, 0, 0, 0, 1, 0, 0, 0, '', 12340),
(60249, 0, 0, 0, 0, 0, 20085, 20085, 0, 0, '대기상인', '임시장교', '', 0, 80, 80, 0, 35, 35, 128, 1, 1.14286, 1, 0, 0, 0, 0, 0, 1, 0, 0, 1, 0, 0, 0, 0, 0, 0, 0, 0, 0, 0, 0, 0, 0, 0, 0, 0, 0, 0, 0, 0, 0, 0, 0, 0, 0, 0, 0, 0, 0, 0, 0, 0, 0, '', 0, 3, 147.371, 147.371, 147.371, 0, 0, 0, 0, 0, 0, 0, 0, 1, 0, 0, 0, '', 12340),
(60250, 0, 0, 0, 0, 0, 20081, 20081, 0, 0, '대기상인', '임시장교', '', 0, 80, 80, 0, 35, 35, 128, 1, 1.14286, 1, 0, 0, 0, 0, 0, 1, 0, 0, 1, 0, 0, 0, 0, 0, 0, 0, 0, 0, 0, 0, 0, 0, 0, 0, 0, 0, 0, 0, 0, 0, 0, 0, 0, 0, 0, 0, 0, 0, 0, 0, 0, 0, '', 0, 3, 147.371, 147.371, 147.371, 0, 0, 0, 0, 0, 0, 0, 0, 1, 0, 0, 0, '', 12340),
(60251, 0, 0, 0, 0, 0, 20078, 20078, 0, 0, '대기상인', '임시장교', '', 0, 80, 80, 0, 35, 35, 128, 1, 1.14286, 1, 0, 0, 0, 0, 0, 1, 0, 0, 1, 0, 0, 0, 0, 0, 0, 0, 0, 0, 0, 0, 0, 0, 0, 0, 0, 0, 0, 0, 0, 0, 0, 0, 0, 0, 0, 0, 0, 0, 0, 0, 0, 0, '', 0, 3, 147.371, 147.371, 147.371, 0, 0, 0, 0, 0, 0, 0, 0, 1, 0, 0, 0, '', 12340),
(60252, 0, 0, 0, 0, 0, 20077, 20077, 0, 0, '대기상인', '임시장교', '', 0, 80, 80, 0, 35, 35, 128, 1, 1.14286, 1, 0, 0, 0, 0, 0, 1, 0, 0, 1, 0, 0, 0, 0, 0, 0, 0, 0, 0, 0, 0, 0, 0, 0, 0, 0, 0, 0, 0, 0, 0, 0, 0, 0, 0, 0, 0, 0, 0, 0, 0, 0, 0, '', 0, 3, 147.371, 147.371, 147.371, 0, 0, 0, 0, 0, 0, 0, 0, 1, 0, 0, 0, '', 12340);
-- 크리쳐 세팅
INSERT INTO `creature` (`guid`, `id`, `map`, `spawnMask`, `phaseMask`, `modelid`, `equipment_id`, `position_x`, `position_y`, `position_z`, `orientation`, `spawntimesecs`, `spawndist`, `currentwaypoint`, `curhealth`, `curmana`, `MovementType`, `npcflag`, `unit_flags`, `dynamicflags`) VALUES 
(11025818, 60245, 571, 1, 1, 0, 0, 5786.41, 633.949, 647.844, 6.1953, 300, 0, 0, 787256, 0, 0, 0, 0, 0),
(11025918, 60246, 571, 1, 1, 0, 0, 5786.36, 638.34, 647.868, 0.00948405, 300, 0, 0, 787256, 0, 0, 0, 0, 0);
-- 보급장교 판매물품 다른곳에서 못팔게 삭제 / buycount 수정
DELETE FROM `npc_vendor` WHERE `item` IN (29434,33447,33448,40211,9030,5634,46379,46376,46378,46377,44075,44067,44068,44069,23162);
UPDATE `item_template` SET `BuyCount`=5, `BuyPrice`=`BuyPrice`*5, `SellPrice`='10' WHERE `entry` IN (33447,33448);
UPDATE `item_template` SET `BuyCount`=3, `BuyPrice`=`BuyPrice`*3, `SellPrice`='10' WHERE `entry` IN (40211,9030,5634);
-- 상인 세팅
INSERT INTO `npc_vendor` (`entry`, `slot`, `item`, `maxcount`, `incrtime`, `ExtendedCost`) VALUES
(60245, 0, 42124, 0, 0, 2333),(60245, 0, 42126, 0, 0, 2333),(60245, 0, 41869, 0, 0, 2576),(60245, 0, 41864, 0, 0, 2576),(60245, 0, 41859, 0, 0, 2576),(60245, 0, 41854, 0, 0, 2576),(60245, 0, 41773, 0, 0, 2576),(60245, 0, 41767, 0, 0, 2576),(60245, 0, 41715, 0, 0, 2576),(60245, 0, 41683, 0, 0, 2576),(60245, 0, 41678, 0, 0, 2576),(60245, 0, 41672, 0, 0, 2576),(60245, 0, 41667, 0, 0, 2576),(60245, 0, 41661, 0, 0, 2576),(60245, 0, 41655, 0, 0, 2576),(60245, 0, 41650, 0, 0, 2576),(60245, 0, 41327, 0, 0, 2576),(60245, 0, 41321, 0, 0, 2576),(60245, 0, 41316, 0, 0, 2576),(60245, 0, 41310, 0, 0, 2576),(60245, 0, 41304, 0, 0, 2576),(60245, 0, 41298, 0, 0, 2576),(60245, 0, 41293, 0, 0, 2576),(60245, 0, 41287, 0, 0, 2576),(60245, 0, 41281, 0, 0, 2576),(60245, 0, 41275, 0, 0, 2576),(60245, 0, 41217, 0, 0, 2576),(60245, 0, 41211, 0, 0, 2576),(60245, 0, 41205, 0, 0, 2576),(60245, 0, 41199, 0, 0, 2576),(60245, 0, 41157, 0, 0, 2576),(60245, 0, 41151, 0, 0, 2576),(60245, 0, 41143, 0, 0, 2576),(60245, 0, 49000, 0, 0, 2329),(60245, 0, 41137, 0, 0, 2576),(60245, 0, 41087, 0, 0, 2576),(60245, 0, 41081, 0, 0, 2576),(60245, 0, 41044, 0, 0, 2576),(60245, 0, 41038, 0, 0, 2576),(60245, 0, 41033, 0, 0, 2576),(60245, 0, 41027, 0, 0, 2576),(60245, 0, 41019, 0, 0, 2576),(60245, 0, 41013, 0, 0, 2576),(60245, 0, 41007, 0, 0, 2576),(60245, 0, 41001, 0, 0, 2576),(60245, 0, 40993, 0, 0, 2576),(60245, 0, 40992, 0, 0, 2576),(60245, 0, 40963, 0, 0, 2576),(60245, 0, 40939, 0, 0, 2576),(60245, 0, 40933, 0, 0, 2576),(60245, 0, 40927, 0, 0, 2576),(60245, 0, 40907, 0, 0, 2576),(60245, 0, 40869, 0, 0, 2576),(60245, 0, 40868, 0, 0, 2576),(60245, 0, 40866, 0, 0, 2576),(60245, 0, 40849, 0, 0, 2576),(60245, 0, 40848, 0, 0, 2576),(60245, 0, 40847, 0, 0, 2576),(60245, 0, 40828, 0, 0, 2576),(60245, 0, 40827, 0, 0, 2576),(60245, 0, 40826, 0, 0, 2576),(60245, 0, 40809, 0, 0, 2576),(60245, 0, 40808, 0, 0, 2576),(60245, 0, 40807, 0, 0, 2576),(60245, 0, 48999, 0, 0, 2329),(60245, 0, 40789, 0, 0, 2576),(60245, 0, 40788, 0, 0, 2576),(60245, 0, 40787, 0, 0, 2576),(60245, 0, 46088, 0, 0, 2329),(60245, 0, 46087, 0, 0, 2329),(60245, 0, 46086, 0, 0, 2329),(60245, 0, 46085, 0, 0, 2329),(60245, 0, 46084, 0, 0, 2329),(60245, 0, 46083, 0, 0, 2329),(60245, 0, 46082, 0, 0, 2329),(60245, 0, 46081, 0, 0, 2329),(60245, 0, 51575, 0, 0, 2578),(60245, 0, 41959, 0, 0, 2576),(60245, 0, 51574, 0, 0, 2578),(60245, 0, 51576, 0, 0, 2578),(60245, 0, 51577, 0, 0, 2578),(60245, 0, 41953, 0, 0, 2576),(60245, 0, 51579, 0, 0, 2578),(60245, 0, 41946, 0, 0, 2576),(60245, 0, 51578, 0, 0, 2578),(60245, 0, 51580, 0, 0, 2578),(60245, 0, 51581, 0, 0, 2578),(60245, 0, 41940, 0, 0, 2576),(60245, 0, 43589, 0, 0, 2060),(60245, 0, 41934, 0, 0, 2576),(60245, 0, 41927, 0, 0, 2576),(60245, 0, 41921, 0, 0, 2576),(60245, 0, 41915, 0, 0, 2576),(60245, 0, 51573, 0, 0, 2578),(60245, 0, 51568, 0, 0, 2577),(60245, 0, 51572, 0, 0, 2578),(60245, 0, 42853, 0, 0, 2576),(60245, 0, 51571, 0, 0, 2577),(60245, 0, 42621, 0, 0, 2576),(60245, 0, 51570, 0, 0, 2577),(60245, 0, 42615, 0, 0, 2576),(60245, 0, 51569, 0, 0, 2577),(60245, 0, 42608, 0, 0, 2576),(60245, 0, 42603, 0, 0, 2576),(60245, 0, 42598, 0, 0, 2576),(60245, 0, 42589, 0, 0, 2576),(60245, 0, 42584, 0, 0, 2576),(60245, 0, 42579, 0, 0, 2576),(60245, 0, 42017, 0, 0, 2576),(60245, 0, 42011, 0, 0, 2576),(60245, 0, 42005, 0, 0, 2576),(60245, 0, 41998, 0, 0, 2576),(60245, 0, 41993, 0, 0, 2576),(60245, 0, 41971, 0, 0, 2576),(60245, 0, 41965, 0, 0, 2576),(60245, 0, 41874, 0, 0, 2576),
(60246, 0, 23162, 0, 0, 2578),(60246, 0, 44069, 0, 0, 2049),(60246, 0, 44068, 0, 0, 2049),(60246, 0, 44067, 0, 0, 2049),(60246, 0, 44075, 0, 0, 2049),(60246, 0, 46377, 0, 0, 1015),(60246, 0, 46378, 0, 0, 1015),(60246, 0, 46376, 0, 0, 1015),(60246, 0, 46379, 0, 0, 1015),(60246, 0, 5634, 0, 0, 1642),(60246, 0, 9030, 0, 0, 1642),(60246, 0, 43589, 0, 0, 2060),(60246, 0, 40211, 0, 0, 1642),(60246, 0, 33448, 0, 0, 1909),(60246, 0, 33447, 0, 0, 1909);

-- 몽이전투휘장 관련 Locale 변경 및 기본 세팅
UPDATE `locales_item` SET `name_loc1`='몽이 전투휘장', `description_loc1`='빨간 것은 모두 몬스터다!' WHERE `entry`=29434;
UPDATE `locales_item` SET `name_loc1`='몽이 전쟁훈장', `description_loc1`='전장의 평화를 가져온 그대에게 영광을!' WHERE `entry`=43589;
UPDATE `item_template` SET `Quality`=5 WHERE `entry`=43589;

-- 화폐로 사용되는 문장 룻/보상/판매 되지 않게 수정
DELETE FROM `creature_loot_template` WHERE `item` IN (29434,43589);
DELETE FROM `gameobject_loot_template` WHERE `item` IN (29434,43589);
DELETE FROM `item_loot_template` WHERE `item` IN (29434,43589);
DELETE FROM `pickpocketing_loot_template` WHERE `item` IN (29434,43589);
DELETE FROM `mail_loot_template` WHERE `item` IN (29434,43589);
DELETE FROM `milling_loot_template` WHERE `item` IN (29434,43589);
DELETE FROM `prospecting_loot_template` WHERE `item` IN (29434,43589);
DELETE FROM `reference_loot_template` WHERE `item` IN (29434,43589);
DELETE FROM `skinning_loot_template` WHERE `item` IN (29434,43589);
DELETE FROM `spell_loot_template` WHERE `item` IN (29434,43589);
DELETE FROM `npc_vendor` WHERE `item` IN (29434,43589);
INSERT INTO `npc_vendor` (`entry`, `slot`, `item`, `maxcount`, `incrtime`, `ExtendedCost`) VALUES (60245, 0, 43589, 0, 0, 2060),(60246, 0, 43589, 0, 0, 2060);
UPDATE `quest_template` SET `RewardChoiceItemId1`=0,`RewardChoiceItemCount1`=0 WHERE `RewardChoiceItemId1` IN (29434,43589);
UPDATE `quest_template` SET `RewardChoiceItemId2`=0,`RewardChoiceItemCount2`=0 WHERE `RewardChoiceItemId2` IN (29434,43589);
UPDATE `quest_template` SET `RewardChoiceItemId3`=0,`RewardChoiceItemCount3`=0 WHERE `RewardChoiceItemId3` IN (29434,43589);
UPDATE `quest_template` SET `RewardChoiceItemId4`=0,`RewardChoiceItemCount4`=0 WHERE `RewardChoiceItemId4` IN (29434,43589);
UPDATE `quest_template` SET `RewardChoiceItemId5`=0,`RewardChoiceItemCount5`=0 WHERE `RewardChoiceItemId5` IN (29434,43589);
UPDATE `quest_template` SET `RewardChoiceItemId6`=0,`RewardChoiceItemCount6`=0 WHERE `RewardChoiceItemId6` IN (29434,43589);
UPDATE `quest_template` SET `RewardItemId1`=0,`RewardItemCount1`=0 WHERE `RewardItemId1` IN (29434,43589);
UPDATE `quest_template` SET `RewardItemId2`=0,`RewardItemCount2`=0 WHERE `RewardItemId2` IN (29434,43589);
UPDATE `quest_template` SET `RewardItemId3`=0,`RewardItemCount3`=0 WHERE `RewardItemId3` IN (29434,43589);
UPDATE `quest_template` SET `RewardItemId4`=0,`RewardItemCount4`=0 WHERE `RewardItemId4` IN (29434,43589);

-- 탈것 추가 및 화폐변경
DELETE FROM `npc_vendor` WHERE `entry` IN (12783,12796); -- 얼라12783 / 호드12796
INSERT INTO `npc_vendor` (`entry`, `slot`, `item`, `maxcount`, `incrtime`, `ExtendedCost`) VALUES
(12783,0,43589,0,0,2060),(12783,0,29465,0,0,2576),(12783,0,29467,0,0,2576),(12783,0,29468,0,0,2576),(12783,0,29471,0,0,2576),(12783,0,35906,0,0,2576),(12783,0,19030,0,0,2577),(12783,0,43956,0,0,2578),(12783,0,43959,0,0,2579),
(12796,0,43589,0,0,2060),(12796,0,29466,0,0,2576),(12796,0,29469,0,0,2576),(12796,0,29470,0,0,2576),(12796,0,29472,0,0,2576),(12796,0,34129,0,0,2576),(12796,0,19029,0,0,2577),(12796,0,44077,0,0,2578),(12796,0,44083,0,0,2579);

-- 겨손 NPC 삭제
DELETE FROM `creature` WHERE `id` IN (30739,30740,31107,31101,31102,32296,31151,31091,31106,31053,15350,31109,31036,31153,31108,31051,31054,31052);
DELETE FROM `creature_addon` WHERE `guid` IN (32075,6505,26901,131258,131259,131260,131261,131262,131263,131264,131265,131266,131267,131268,131269,131270,131271,131272,131273,131274,131275,131276,131277,131278,131279,131280,131281,131282,131283,131284,131285,131286,131287,131288,131289,131290,131291,131292,131293,131294,131295,131296,131297,131298,131299,131300,131301,131302,131303,131304,131305,131306,131307,131308,131309,131310,131311,131312,131313,131314,131315,131316,131317,131318,131319,131320,131321,131322,131328,131350,131351,131352,131353,131354,131392,131437,131458,131631,131632,131633,131634,131706,131727,131839);

-- 어둠서리 조각 삭제
DELETE FROM `item_template` WHERE `entry`=50274;
DELETE FROM `item_loot_template` WHERE `item`=50274;
DELETE FROM `creature_loot_template` WHERE `item`=50274;
DELETE FROM `gameobject_loot_template` WHERE `item`=50274;
DELETE FROM `reference_loot_template` WHERE `item`=50274;

/*
-- 포장지 템삭제
DELETE FROM `item_template` WHERE `entry` IN (5042,5043,5044,5048,17302,17303,17304,17305,17307,17308,21830);
DELETE FROM `npc_vendor` WHERE `item` IN (5042,5043,5044,5048,17302,17303,17304,17305,17307,17308,21830);
DELETE FROM `item_loot_template` WHERE `item` IN (5042,5043,5044,5048,17302,17303,17304,17305,17307,17308,21830);
DELETE FROM `reference_loot_template` WHERE `item` IN (5042,5043,5044,5048,17302,17303,17304,17305,17307,17308,21830);
DELETE FROM `creature_loot_template` WHERE `item` IN (5042,5043,5044,5048,17302,17303,17304,17305,17307,17308,21830);
*/

-- 토라본 10/25 드랍테이블 : 코랄론과 동일
DELETE FROM `creature_loot_template` WHERE `entry`=38433;
INSERT INTO `creature_loot_template` (`entry`, `item`, `ChanceOrQuestChance`, `lootmode`, `groupid`, `mincountOrRef`, `maxcount`) VALUES 
(38433, 1, 100, 1, 0, -34212, 1),
(38433, 2, 100, 1, 0, -34204, 1),
(38433, 3, 1, 1, 0, -34203, 1),
(38433, 47241, 100, 1, 0, 2, 2);

DELETE FROM `creature_loot_template` WHERE `entry`=38462;
INSERT INTO `creature_loot_template` (`entry`, `item`, `ChanceOrQuestChance`, `lootmode`, `groupid`, `mincountOrRef`, `maxcount`) VALUES 
(38462,1,100,1,0,-34205,2),
(38462,2,80,1,0,-90001,1),
(38462,3,80,1,0,-90002,1),
(38462,4,1,1,0,-34203,1),
(38462,47241,100,1,0,2,2);

-- 냉혹1차무기 + 보조장비 룻테이블 작성
INSERT INTO `reference_loot_template` (`entry`, `item`, `ChanceOrQuestChance`, `lootmode`, `groupid`, `mincountOrRef`, `maxcount`) VALUES
(90003,42329,0,1,1,1,1),(90003,49189,0,1,1,1,1),(90003,42354,0,1,1,1,1),(90003,42386,0,1,1,1,1),(90003,42334,0,1,1,1,1),(90003,42229,0,1,1,1,1),(90003,42287,0,1,1,1,1),(90003,42234,0,1,1,1,1),(90003,42250,0,1,1,1,1),(90003,42521,0,1,1,1,1),(90003,42483,0,1,1,1,1),(90003,42504,0,1,1,1,1),(90003,42498,0,1,1,1,1),(90003,42272,0,1,1,1,1),(90003,42210,0,1,1,1,1),(90003,42244,0,1,1,1,1),(90003,42262,0,1,1,1,1),(90003,42324,0,1,1,1,1),(90003,42292,0,1,1,1,1),(90003,42267,0,1,1,1,1),(90003,42348,0,1,1,1,1),(90003,44424,0,1,1,1,1),(90003,42319,0,1,1,1,1),(90003,42366,0,1,1,1,1),(90003,42515,0,1,1,1,1),(90003,42257,0,1,1,1,1),(90003,42282,0,1,1,1,1),(90003,42487,0,1,1,1,1),(90003,44423,0,1,1,1,1),(90003,42277,0,1,1,1,1),(90003,49185,0,1,1,1,1),(90003,42492,0,1,1,1,1),(90003,42392,0,1,1,1,1),(90003,42566,0,1,1,1,1),(90003,42539,0,1,1,1,1),(90003,49187,0,1,1,1,1),(90003,42533,0,1,1,1,1),(90003,42616,0,1,1,1,1),(90003,42527,0,1,1,1,1),(90003,42580,0,1,1,1,1),(90003,42609,0,1,1,1,1),(90003,42572,0,1,1,1,1),(90003,42854,0,1,1,1,1),(90003,42561,0,1,1,1,1),(90003,42599,0,1,1,1,1),(90003,42604,0,1,1,1,1),(90003,42585,0,1,1,1,1),(90003,42591,0,1,1,1,1),(90003,42622,0,1,1,1,1);

-- 냉혹 2차무기 룻테이블 작성
INSERT INTO `reference_loot_template` (`entry`, `item`, `ChanceOrQuestChance`, `lootmode`, `groupid`, `mincountOrRef`, `maxcount`) VALUES
(90004,48523,0,1,1,1,1),(90004,49191,0,1,1,1,1),(90004,48406,0,1,1,1,1),(90004,48507,0,1,1,1,1),(90004,48440,0,1,1,1,1),(90004,48519,0,1,1,1,1),(90004,48521,0,1,1,1,1),(90004,48412,0,1,1,1,1),(90004,48404,0,1,1,1,1),(90004,48420,0,1,1,1,1),(90004,48408,0,1,1,1,1),(90004,48402,0,1,1,1,1),(90004,48509,0,1,1,1,1),(90004,48442,0,1,1,1,1),(90004,48517,0,1,1,1,1),(90004,48428,0,1,1,1,1),(90004,48424,0,1,1,1,1),(90004,48410,0,1,1,1,1),(90004,48414,0,1,1,1,1),(90004,48426,0,1,1,1,1),(90004,48515,0,1,1,1,1),(90004,48444,0,1,1,1,1),(90004,48432,0,1,1,1,1),(90004,48435,0,1,1,1,1),(90004,48513,0,1,1,1,1),(90004,48422,0,1,1,1,1),(90004,48438,0,1,1,1,1),(90004,48511,0,1,1,1,1);

-- 드랍 탈것/팻 룻테이블 작성
INSERT INTO `reference_loot_template` (`entry`, `item`, `ChanceOrQuestChance`, `lootmode`, `groupid`, `mincountOrRef`, `maxcount`) VALUES
(90005,11026,0,1,1,1,1),(90005,11027,0,1,1,1,1),(90005,48126,0,1,1,1,1),(90005,48118,0,1,1,1,1),(90005,48112,0,1,1,1,1),(90005,48124,0,1,1,1,1),(90005,48122,0,1,1,1,1),(90005,48114,0,1,1,1,1),(90005,48116,0,1,1,1,1),(90005,33993,0,1,1,1,1),(90005,31760,0,1,1,1,1),(90005,11110,0,1,1,1,1),(90005,12264,0,1,1,1,1),(90005,12529,0,1,1,1,1),(90005,27445,0,1,1,1,1),(90005,43698,0,1,1,1,1),(90005,44983,0,1,1,1,1),(90005,33816,0,1,1,1,1),(90005,35350,0,1,1,1,1),(90005,35349,0,1,1,1,1),(90005,33818,0,1,1,1,1),(90005,33976,0,1,1,1,1),(90005,21218,0,1,1,1,1),(90005,21323,0,1,1,1,1),(90005,21324,0,1,1,1,1),(90005,43962,0,1,1,1,1),(90005,43951,0,1,1,1,1),(90005,33977,0,1,1,1,1),(90005,33809,0,1,1,1,1),(90005,21321,0,1,1,1,1),(90005,37012,0,1,1,1,1),(90005,46109,0,1,1,1,1),(90005,49283,0,1,1,1,1),(90005,49285,0,1,1,1,1);

-- 냉혹무기들 추가드랍
INSERT INTO `creature_loot_template` (`entry`, `item`, `ChanceOrQuestChance`, `lootmode`, `groupid`, `mincountOrRef`, `maxcount`) VALUES 
-- 3넴 흑기사 일반 (+격노 룻테이블)
(35451,2,5,1,0,-34212,1),(35451,3,4,1,0,-90003,1),(35451,4,2,1,0,-90004,1),
-- 3넴 흑기사 하드
(35490,3,6,1,0,-90003,2),(35490,4,4,1,0,-90004,1);
INSERT INTO `gameobject_loot_template` (`entry`, `item`, `ChanceOrQuestChance`, `lootmode`, `groupid`, `mincountOrRef`, `maxcount`) VALUES 
-- 투영 상자 일반
(27985,2,4,1,0,-90003,2),(27985,3,3,1,0,-90004,1),
-- 투영 상자 하드
(27993,2,6,1,0,-90004,1);

-- 팻/탈것 추가드랍
INSERT INTO `creature_loot_template` (`entry`, `item`, `ChanceOrQuestChance`, `lootmode`, `groupid`, `mincountOrRef`, `maxcount`) VALUES 
(35451,5,2.5,1,0,-90005,1);
INSERT INTO `gameobject_loot_template` (`entry`, `item`, `ChanceOrQuestChance`, `lootmode`, `groupid`, `mincountOrRef`, `maxcount`) VALUES 
-- 투영 상자 일반
(27985,4,2.5,1,0,-90005,1);